Year,Country,Latitude,Longitude,Happiness_Rank,Happiness_Score,Economy,Family,Health,Freedom,Trust,Generosity
2015,Afghanistan,33.93911,67.709953,153,3.575,0.31982,0.30285,0.30335,0.23414,0.09719,0.3651
2016,Afghanistan,33.93911,67.709953,154,3.36,0.38227,0.11037,0.17344,0.1643,0.07112,0.31268
2017,Afghanistan,33.93911,67.709953,141,3.79399991,0.401477218,0.581543326,0.180746779,0.10617952,0.06115783,0.311870933
2018,Afghanistan,33.93911,67.709953,145,3.632,0.332,0.537,0.255,0.085,0.036,0.191
2019,Afghanistan,33.93911,67.709953,154,3.203,0.35,0.517,0.361,0,0.025,0.158
2015,Albania,41.153332,20.168331,95,4.959,0.87867,0.80434,0.81325,0.35733,0.06413,0.14272
2016,Albania,41.153332,20.168331,109,4.655,0.9553,0.50163,0.73007,0.31866,0.05301,0.1684
2017,Albania,41.153332,20.168331,109,4.644000053,0.996192753,0.803685248,0.731159747,0.381498635,0.039864216,0.201312944
2018,Albania,41.153332,20.168331,112,4.586,0.916,0.817,0.79,0.419,0.032,0.149
2019,Albania,41.153332,20.168331,107,4.719,0.947,0.848,0.874,0.383,0.027,0.178
2015,Algeria,28.033886,1.659626,68,5.605,0.93929,1.07772,0.61766,0.28579,0.17383,0.07822
2016,Algeria,28.033886,1.659626,38,6.355,1.05266,0.83309,0.61804,0.21006,0.16157,0.07044
2017,Algeria,28.033886,1.659626,53,5.872000217,1.091864467,1.146217465,0.617584646,0.233335808,0.14609611,0.069436647
2018,Algeria,28.033886,1.659626,84,5.295,0.979,1.154,0.687,0.077,0.135,0.055
2019,Algeria,28.033886,1.659626,88,5.211,1.002,1.16,0.785,0.086,0.114,0.073
2015,Angola,-11.202692,17.873887,137,4.033,0.75778,0.8604,0.16683,0.10384,0.07122,0.12344
2016,Angola,-11.202692,17.873887,141,3.866,0.84731,0.66366,0.04991,0.00589,0.08434,0.12071
2017,Angola,-11.202692,17.873887,140,3.795000076,0.85842818,1.10441196,0.049868666,0,0.069720335,0.09792649
2018,Angola,-11.202692,17.873887,142,3.795,0.73,1.125,0.269,0,0.061,0.079
2015,Argentina,-11.202692,17.873887,30,6.574,1.05351,1.24823,0.78723,0.44974,0.08484,0.11451
2016,Argentina,-38.416097,-63.616672,26,6.65,1.15137,1.06612,0.69711,0.42284,0.07296,0.10989
2017,Argentina,-38.416097,-63.616672,24,6.598999977,1.185295463,1.440451145,0.695137084,0.494519204,0.059739888,0.109457061
2018,Argentina,-38.416097,-63.616672,29,6.388,1.073,1.468,0.744,0.57,0.054,0.062
2019,Argentina,-38.416097,-63.616672,47,6.086,1.092,1.432,0.881,0.471,0.05,0.066
2015,Armenia,40.069099,45.038189,127,4.35,0.76821,0.77711,0.7299,0.19847,0.039,0.07855
2016,Armenia,40.069099,45.038189,121,4.36,0.86086,0.62477,0.64083,0.14037,0.03616,0.07793
2017,Armenia,40.069099,45.038189,121,4.375999928,0.900596738,1.007483721,0.637524426,0.198303267,0.026674422,0.083488092
2018,Armenia,40.069099,45.038189,129,4.321,0.816,0.99,0.666,0.26,0.028,0.077
2019,Armenia,40.069099,45.038189,116,4.559,0.85,1.055,0.815,0.283,0.064,0.095
2015,Australia,-25.274398,133.775136,10,7.284,1.33358,1.30923,0.93156,0.65124,0.35637,0.43562
2016,Australia,-25.274398,133.775136,9,7.313,1.44443,1.10476,0.8512,0.56837,0.32331,0.47407
2017,Australia,-25.274398,133.775136,10,7.28399992,1.484414935,1.510041952,0.843886793,0.601607382,0.30118373,0.47769925
2018,Australia,-25.274398,133.775136,10,7.272,1.34,1.573,0.91,0.647,0.302,0.361
2019,Australia,-25.274398,133.775136,11,7.228,1.372,1.548,1.036,0.557,0.29,0.332
2015,Austria,47.516231,14.550072,13,7.2,1.33723,1.29704,0.89042,0.62433,0.18676,0.33088
2016,Austria,47.516231,14.550072,12,7.119,1.45038,1.08383,0.80565,0.54355,0.21348,0.32865
2017,Austria,47.516231,14.550072,13,7.006000042,1.487097263,1.459944963,0.815328419,0.56776619,0.221060365,0.316472322
2018,Austria,47.516231,14.550072,12,7.139,1.341,1.504,0.891,0.617,0.224,0.242
2019,Austria,47.516231,14.550072,10,7.246,1.376,1.475,1.016,0.532,0.226,0.244
2015,Azerbaijan,40.143105,47.576927,80,5.212,1.02389,0.93793,0.64045,0.3703,0.16065,0.07799
2016,Azerbaijan,40.143105,47.576927,81,5.291,1.12373,0.76042,0.54504,0.35327,0.17914,0.0564
2017,Azerbaijan,40.143105,47.576927,85,5.234000206,1.153601766,1.152400255,0.540775776,0.398155838,0.180987507,0.04526934
2018,Azerbaijan,40.143105,47.576927,87,5.201,1.024,1.161,0.603,0.43,0.176,0.031
2019,Azerbaijan,40.143105,47.576927,90,5.208,1.043,1.147,0.769,0.351,0.182,0.035
2015,Bahrain,25.930414,50.637772,49,5.96,1.32376,1.21624,0.74716,0.45492,0.306,0.17362
2016,Bahrain,25.930414,50.637772,42,6.218,1.44024,0.94397,0.65696,0.47375,0.25772,0.17147
2017,Bahrain,25.930414,50.637772,41,6.086999893,1.488412261,1.323110461,0.653133035,0.536746919,0.25704217,0.172668487
2018,Bahrain,25.930414,50.637772,43,6.105,1.338,1.366,0.698,0.594,0.123,0.243
2019,Bahrain,25.930414,50.637772,37,6.199,1.362,1.368,0.871,0.536,0.11,0.255
2015,Bangladesh,23.684994,90.356331,109,4.694,0.39753,0.43106,0.60164,0.4082,0.12569,0.21222
2016,Bangladesh,23.684994,90.356331,110,4.643,0.54177,0.24749,0.52989,0.39778,0.12583,0.19132
2017,Bangladesh,23.684994,90.356331,110,4.607999802,0.586682975,0.735131741,0.533241034,0.478356659,0.123717859,0.172255352
2018,Bangladesh,23.684994,90.356331,115,4.5,0.532,0.85,0.579,0.58,0.144,0.153
2019,Bangladesh,23.684994,90.356331,125,4.456,0.562,0.928,0.723,0.527,0.143,0.166
2015,Belarus,53.709807,27.953389,59,5.813,1.03192,1.23289,0.73608,0.37938,0.1909,0.11046
2016,Belarus,53.709807,27.953389,61,5.802,1.13062,1.04993,0.63104,0.29091,0.17457,0.13942
2017,Belarus,53.709807,27.953389,67,5.568999767,1.15655756,1.444945216,0.637714267,0.295400262,0.156313822,0.155137509
2018,Belarus,53.709807,27.953389,73,5.483,1.039,1.498,0.7,0.307,0.154,0.101
2019,Belarus,53.709807,27.953389,81,5.323,1.067,1.465,0.789,0.235,0.142,0.094
2015,Belgium,50.503887,4.469936,19,6.937,1.30782,1.28566,0.89667,0.5845,0.2254,0.2225
2016,Belgium,50.503887,4.469936,18,6.929,1.42539,1.05249,0.81959,0.51354,0.26248,0.2424
2017,Belgium,50.503887,4.469936,17,6.890999794,1.463780761,1.462312698,0.818091869,0.539770722,0.251343131,0.231503338
2018,Belgium,50.503887,4.469936,16,6.927,1.324,1.483,0.894,0.583,0.24,0.188
2019,Belgium,50.503887,4.469936,18,6.923,1.356,1.504,0.986,0.473,0.21,0.16
2016,Belize,17.189877,-88.49765,52,5.956,0.87616,0.68655,0.45569,0.51231,0.10771,0.23684
2017,Belize,17.189877,-88.49765,50,5.955999851,0.907975316,1.081417799,0.450191766,0.547509372,0.096581072,0.240015641
2018,Belize,17.189877,-88.49765,49,5.956,0.807,1.101,0.474,0.593,0.089,0.183
2015,Benin,9.30769,2.315834,155,3.34,0.28665,0.35386,0.3191,0.4845,0.0801,0.1826
2016,Benin,9.30769,2.315834,153,3.484,0.39499,0.10419,0.21028,0.39747,0.06681,0.2018
2017,Benin,9.30769,2.315834,143,3.657000065,0.431085408,0.435299844,0.209930211,0.425962776,0.060929015,0.207948461
2018,Benin,9.30769,2.315834,136,4.141,0.378,0.372,0.24,0.44,0.067,0.163
2019,Benin,9.30769,2.315834,102,4.883,0.393,0.437,0.397,0.349,0.082,0.175
2015,Bhutan,27.514162,90.433601,79,5.253,0.77042,1.10395,0.57407,0.53206,0.15445,0.47998
2016,Bhutan,27.514162,90.433601,84,5.196,0.8527,0.90836,0.49759,0.46074,0.1616,0.48546
2017,Bhutan,27.514162,90.433601,97,5.011000156,0.885416389,1.340126514,0.495879292,0.501537681,0.17338039,0.474054545
2018,Bhutan,27.514162,90.433601,97,5.082,0.796,1.335,0.527,0.541,0.171,0.364
2019,Bhutan,27.514162,90.433601,95,5.082,0.813,1.321,0.604,0.457,0.167,0.37
2015,Bolivia,-16.290154,-63.588653,51,5.89,0.68133,0.97841,0.5392,0.57414,0.088,0.20536
2016,Bolivia,-16.290154,-63.588653,59,5.822,0.79422,0.83779,0.4697,0.50961,0.07746,0.21698
2017,Bolivia,-16.290154,-63.588653,58,5.822999954,0.833756566,1.227619052,0.47363025,0.558732927,0.060477726,0.225560725
2018,Bolivia,-16.290154,-63.588653,62,5.752,0.751,1.223,0.508,0.606,0.054,0.141
2019,Bolivia,-16.290154,-63.588653,61,5.779,0.776,1.209,0.706,0.511,0.064,0.137
2015,Bosnia and Herzegovina,43.915886,17.679076,96,4.949,0.83223,0.91916,0.79081,0.09245,0.00227,0.24808
2016,Bosnia and Herzegovina,43.915886,17.679076,87,5.163,0.93383,0.64367,0.70766,0.09511,0,0.29889
2017,Bosnia and Herzegovina,43.915886,17.679076,90,5.18200016,0.982409418,1.069335938,0.705186307,0.204403177,0,0.328867495
2018,Bosnia and Herzegovina,43.915886,17.679076,93,5.129,0.915,1.078,0.758,0.28,0,0.216
2019,Bosnia and Herzegovina,43.915886,17.679076,78,5.386,0.945,1.212,0.845,0.212,0.006,0.263
2015,Botswana,-22.328474,24.684866,128,4.332,0.99355,1.10464,0.04776,0.49495,0.12474,0.10461
2016,Botswana,-22.328474,24.684866,137,3.974,1.09426,0.89186,0.34752,0.44089,0.10769,0.12425
2017,Botswana,-22.328474,24.684866,142,3.766000032,1.122094154,1.221554995,0.341755509,0.505196333,0.098583199,0.099348448
2018,Botswana,-22.328474,24.684866,146,3.59,1.017,1.174,0.417,0.557,0.092,0.042
2019,Botswana,-22.328474,24.684866,148,3.488,1.041,1.145,0.538,0.455,0.1,0.025
2015,Brazil,-14.235004,-51.92528,16,6.983,0.98124,1.23287,0.69702,0.49049,0.17521,0.14574
2016,Brazil,-14.235004,-51.92528,17,6.952,1.08754,1.03938,0.61415,0.40425,0.14166,0.15776
2017,Brazil,-14.235004,-51.92528,22,6.635000229,1.10735321,1.431306005,0.616552353,0.437453747,0.111092761,0.162349895
2018,Brazil,-14.235004,-51.92528,28,6.419,0.986,1.474,0.675,0.493,0.088,0.11
2019,Brazil,-14.235004,-51.92528,32,6.3,1.004,1.439,0.802,0.39,0.086,0.099
2015,Bulgaria,42.733883,25.48583,134,4.218,1.01216,1.10614,0.76649,0.30587,0.00872,0.11921
2016,Bulgaria,42.733883,25.48583,129,4.217,1.11306,0.92542,0.67806,0.21219,0.00615,0.12793
2017,Bulgaria,42.733883,25.48583,105,4.714000225,1.161459088,1.434379458,0.70821768,0.289231718,0.011051531,0.113177694
2018,Bulgaria,42.733883,25.48583,100,4.933,1.054,1.515,0.712,0.359,0.009,0.064
2019,Bulgaria,42.733883,25.48583,97,5.011,1.092,1.513,0.815,0.311,0.004,0.081
2015,Burkina Faso,12.238333,-1.561593,152,3.587,0.25812,0.85188,0.27125,0.39493,0.12832,0.21747
2016,Burkina Faso,12.238333,-1.561593,145,3.739,0.31995,0.63054,0.21297,0.3337,0.12533,0.24353
2017,Burkina Faso,12.238333,-1.561593,134,4.032000065,0.350227714,1.043280005,0.215844259,0.324367851,0.120328106,0.250864685
2018,Burkina Faso,12.238333,-1.561593,121,4.424,0.314,1.097,0.254,0.312,0.128,0.175
2019,Burkina Faso,12.238333,-1.561593,115,4.587,0.331,1.056,0.38,0.255,0.113,0.177
2015,Burundi,-3.373056,29.918886,157,2.905,0.0153,0.41587,0.22396,0.1185,0.10062,0.19727
2016,Burundi,-3.373056,29.918886,157,2.905,0.06831,0.23442,0.15747,0.0432,0.09419,0.2029
2017,Burundi,-3.373056,29.918886,154,2.904999971,0.091622569,0.629793584,0.151610792,0.059900753,0.084147945,0.204435185
2018,Burundi,-3.373056,29.918886,156,2.905,0.091,0.627,0.145,0.065,0.076,0.149
2019,Burundi,-3.373056,29.918886,145,3.775,0.046,0.447,0.38,0.22,0.18,0.176
2015,Cambodia,12.565679,104.990963,145,3.819,0.46038,0.62736,0.61114,0.66246,0.07247,0.40359
2016,Cambodia,12.565679,104.990963,140,3.907,0.55604,0.5375,0.42494,0.58852,0.08092,0.40339
2017,Cambodia,12.565679,104.990963,129,4.168000221,0.601765096,1.006238341,0.429783404,0.633375823,0.068105951,0.385922968
2018,Cambodia,12.565679,104.990963,120,4.433,0.549,1.088,0.457,0.696,0.065,0.256
2019,Cambodia,12.565679,104.990963,109,4.7,0.574,1.122,0.637,0.609,0.062,0.232
2015,Cameroon,7.369722,12.354722,133,4.252,0.4225,0.88767,0.23402,0.49309,0.05786,0.20618
2016,Cameroon,7.369722,12.354722,114,4.513,0.52497,0.62542,0.12698,0.42736,0.06126,0.2268
2017,Cameroon,7.369722,12.354722,107,4.695000172,0.564305365,0.946018219,0.132892117,0.430388749,0.051306631,0.236298457
2018,Cameroon,7.369722,12.354722,99,4.975,0.535,0.891,0.182,0.454,0.043,0.183
2019,Cameroon,7.369722,12.354722,96,5.044,0.549,0.91,0.331,0.381,0.037,0.187
2015,Canada,56.130366,-106.346771,5,7.427,1.32629,1.32261,0.90563,0.63297,0.32957,0.45811
2016,Canada,56.130366,-106.346771,6,7.404,1.44015,1.0961,0.8276,0.5737,0.31329,0.44834
2017,Canada,56.130366,-106.346771,7,7.315999985,1.479204416,1.481348991,0.834557652,0.611100912,0.287371516,0.435539722
2018,Canada,56.130366,-106.346771,7,7.328,1.33,1.532,0.896,0.653,0.291,0.321
2019,Canada,56.130366,-106.346771,9,7.278,1.365,1.505,1.039,0.584,0.308,0.285
2015,Central African Republic,6.611111,20.939444,148,3.678,0.0785,0,0.06699,0.48879,0.08289,0.23835
2017,Central African Republic,6.611111,20.939444,155,2.693000078,0,0,0.018772686,0.270842046,0.056565076,0.280876487
2018,Central African Republic,6.611111,20.939444,155,3.083,0.024,0,0.01,0.305,0.038,0.218
2019,Central African Republic,6.611111,20.939444,155,3.083,0.026,0,0.105,0.225,0.035,0.235
2015,Chad,15.454166,18.732207,149,3.667,0.34193,0.76062,0.1501,0.23501,0.05269,0.18386
2016,Chad,15.454166,18.732207,144,3.763,0.42214,0.63178,0.03824,0.12807,0.04952,0.18667
2017,Chad,15.454166,18.732207,137,3.936000109,0.438012987,0.953855872,0.041134715,0.162342027,0.053581882,0.21611385
2018,Chad,15.454166,18.732207,131,4.301,0.358,0.907,0.053,0.189,0.06,0.181
2019,Chad,15.454166,18.732207,132,4.35,0.35,0.766,0.192,0.174,0.078,0.198
2015,Chile,-35.675147,-71.542969,27,6.67,1.10715,1.12447,0.85857,0.44132,0.12869,0.33363
2016,Chile,-35.675147,-71.542969,24,6.705,1.2167,0.90587,0.81883,0.37789,0.11451,0.31595
2017,Chile,-35.675147,-71.542969,20,6.65199995,1.25278461,1.284024954,0.819479704,0.376895279,0.082287982,0.326662421
2018,Chile,-35.675147,-71.542969,25,6.476,1.131,1.331,0.808,0.431,0.061,0.197
2019,Chile,-35.675147,-71.542969,26,6.444,1.159,1.369,0.92,0.357,0.056,0.187
2015,China,35.86166,104.195397,84,5.14,0.89012,0.94675,0.81658,0.51697,0.02781,0.08185
2016,China,35.86166,104.195397,83,5.245,1.0278,0.79381,0.73561,0.44012,0.02745,0.04959
2017,China,35.86166,104.195397,79,5.272999763,1.081165791,1.160837412,0.741415501,0.472787708,0.022794275,0.028806841
2018,China,35.86166,104.195397,86,5.246,0.989,1.142,0.799,0.597,0.103,0.029
2019,China,35.86166,104.195397,93,5.191,1.029,1.125,0.893,0.521,0.1,0.058
2015,Colombia,4.570868,-74.297333,33,6.477,0.91861,1.24018,0.69077,0.53466,0.0512,0.18401
2016,Colombia,4.570868,-74.297333,31,6.481,1.03032,1.02169,0.59659,0.44735,0.05399,0.15626
2017,Colombia,4.570868,-74.297333,36,6.356999874,1.070622325,1.402182937,0.595027924,0.477487415,0.046668742,0.149014473
2018,Colombia,4.570868,-74.297333,37,6.26,0.96,1.439,0.635,0.531,0.039,0.099
2019,Colombia,4.570868,-74.297333,43,6.125,0.985,1.41,0.841,0.47,0.034,0.099
2015,Comoros,-11.875001,43.872219,140,3.956,0.23906,0.79273,0.36315,0.22917,0.199,0.17441
2016,Comoros,-11.875001,43.872219,138,3.956,0.27509,0.60323,0.29981,0.15412,0.18437,0.1827
2019,Comoros,-11.875001,43.872219,142,3.973,0.274,0.757,0.505,0.142,0.078,0.275
2015,Congo (Brazzaville),-0.228021,15.827659,139,3.989,0.67866,0.6629,0.31051,0.41466,0.11686,0.12388
2016,Congo (Brazzaville),-0.228021,15.827659,127,4.236,0.77109,0.47799,0.28212,0.37938,0.09753,0.12077
2017,Congo (Brazzaville),-0.228021,15.827659,124,4.290999889,0.808964252,0.832044363,0.289957434,0.435025871,0.079618134,0.120852128
2018,Congo (Brazzaville),-0.228021,15.827659,114,4.559,0.682,0.811,0.343,0.514,0.077,0.091
2019,Congo (Brazzaville),-0.228021,15.827659,103,4.812,0.673,0.799,0.508,0.372,0.093,0.105
2015,Congo (Kinshasa),-4.038333,21.758664,120,4.517,0,1.0012,0.09806,0.22605,0.07625,0.24834
2016,Congo (Kinshasa),-4.038333,21.758664,125,4.272,0.05661,0.80676,0.188,0.15602,0.06075,0.25458
2017,Congo (Kinshasa),-4.038333,21.758664,126,4.28000021,0.092102349,1.229023457,0.191407025,0.235961348,0.060241356,0.246455833
2018,Congo (Kinshasa),-4.038333,21.758664,132,4.245,0.069,1.136,0.204,0.312,0.052,0.197
2019,Congo (Kinshasa),-4.038333,21.758664,127,4.418,0.094,1.125,0.357,0.269,0.053,0.212
2015,Costa Rica,9.748917,-83.753428,12,7.226,0.95578,1.23788,0.86027,0.63376,0.10583,0.25497
2016,Costa Rica,9.748917,-83.753428,14,7.087,1.06879,1.02152,0.76146,0.55225,0.10547,0.22553
2017,Costa Rica,9.748917,-83.753428,12,7.078999996,1.109706283,1.416403651,0.759509265,0.58013165,0.100106589,0.214613229
2018,Costa Rica,9.748917,-83.753428,13,7.072,1.01,1.459,0.817,0.632,0.101,0.143
2019,Costa Rica,9.748917,-83.753428,12,7.167,1.034,1.441,0.963,0.558,0.093,0.144
2015,Croatia,45.1,15.2,62,5.759,1.08254,0.79624,0.78805,0.25883,0.0243,0.05444
2016,Croatia,45.1,15.2,74,5.488,1.18649,0.60809,0.70524,0.23907,0.04002,0.18434
2017,Croatia,45.1,15.2,77,5.293000221,1.222556233,0.967983007,0.701288521,0.255772293,0.04310311,0.248002976
2018,Croatia,45.1,15.2,82,5.321,1.115,1.161,0.737,0.38,0.039,0.12
2019,Croatia,45.1,15.2,75,5.432,1.155,1.266,0.914,0.296,0.022,0.119
2015,Cyprus,35.126413,33.429859,67,5.689,1.20813,0.89318,0.92356,0.40672,0.06146,0.30638
2016,Cyprus,35.126413,33.429859,69,5.546,1.31857,0.70697,0.8488,0.29507,0.05228,0.27906
2017,Cyprus,35.126413,33.429859,65,5.620999813,1.355938077,1.131363273,0.844714701,0.355111539,0.041237976,0.271254301
2018,Cyprus,35.126413,33.429859,61,5.762,1.229,1.191,0.909,0.423,0.035,0.202
2019,Cyprus,35.126413,33.429859,49,6.046,1.263,1.223,1.042,0.406,0.041,0.19
2015,Czech Republic,49.817492,15.472962,31,6.505,1.17898,1.20643,0.84483,0.46364,0.02652,0.10686
2016,Czech Republic,49.817492,15.472962,27,6.596,1.30915,1.00793,0.76376,0.41418,0.03986,0.09929
2017,Czech Republic,49.817492,15.472962,23,6.609000206,1.352682352,1.433885217,0.754444003,0.490946174,0.036872927,0.088106759
2018,Czech Republic,49.817492,15.472962,21,6.711,1.233,1.489,0.854,0.543,0.034,0.064
2019,Czech Republic,49.817492,15.472962,20,6.852,1.269,1.487,0.92,0.457,0.036,0.046
2015,Denmark,56.26392,9.501785,3,7.527,1.32548,1.36058,0.87464,0.64938,0.48357,0.34139
2016,Denmark,56.26392,9.501785,1,7.526,1.44178,1.16374,0.79504,0.57941,0.44453,0.36171
2017,Denmark,56.26392,9.501785,2,7.521999836,1.482383013,1.551121593,0.792565525,0.626006722,0.400770068,0.355280489
2018,Denmark,56.26392,9.501785,3,7.555,1.351,1.59,0.868,0.683,0.408,0.284
2019,Denmark,56.26392,9.501785,2,7.6,1.383,1.573,0.996,0.592,0.41,0.252
2015,Djibouti,11.825138,42.590275,126,4.369,0.44025,0.59207,0.36291,0.46074,0.28105,0.18093
2015,Dominican Republic,18.735693,-70.162651,98,4.885,0.89537,1.17202,0.66825,0.57672,0.14234,0.21684
2016,Dominican Republic,18.735693,-70.162651,89,5.155,1.02787,0.99496,0.57669,0.52259,0.12372,0.21286
2017,Dominican Republic,18.735693,-70.162651,86,5.230000019,1.079373837,1.402416706,0.574873745,0.552589834,0.113945253,0.18696785
2018,Dominican Republic,18.735693,-70.162651,83,5.302,0.982,1.441,0.614,0.578,0.106,0.12
2019,Dominican Republic,18.735693,-70.162651,77,5.425,1.015,1.401,0.779,0.497,0.101,0.113
2015,Ecuador,-1.831239,-78.183406,48,5.975,0.86402,0.99903,0.79075,0.48574,0.1809,0.11541
2016,Ecuador,-1.831239,-78.183406,51,5.976,0.97306,0.85974,0.68613,0.4027,0.18037,0.10074
2017,Ecuador,-1.831239,-78.183406,44,6.007999897,1.000820398,1.286168814,0.685636222,0.455198199,0.140134647,0.150112465
2018,Ecuador,-1.831239,-78.183406,48,5.973,0.889,1.33,0.736,0.556,0.12,0.114
2019,Ecuador,-1.831239,-78.183406,50,6.028,0.912,1.312,0.868,0.498,0.087,0.126
2015,Egypt,26.820553,30.802498,135,4.194,0.8818,0.747,0.61712,0.17288,0.06324,0.11291
2016,Egypt,26.820553,30.802498,120,4.362,0.95395,0.49813,0.52116,0.18847,0.10393,0.12706
2017,Egypt,26.820553,30.802498,104,4.735000134,0.989701807,0.997471392,0.520187259,0.282110155,0.114381365,0.128631443
2018,Egypt,26.820553,30.802498,122,4.419,0.885,1.025,0.553,0.312,0.107,0.092
2019,Egypt,26.820553,30.802498,137,4.166,0.913,1.039,0.644,0.241,0.067,0.076
2015,El Salvador,13.794185,-88.89653,42,6.13,0.76454,1.02507,0.67737,0.4035,0.11776,0.10692
2016,El Salvador,13.794185,-88.89653,46,6.068,0.8737,0.80975,0.596,0.37269,0.10613,0.08877
2017,El Salvador,13.794185,-88.89653,45,6.002999783,0.909784496,1.182125092,0.596018553,0.43245253,0.08998096,0.078257985
2018,El Salvador,13.794185,-88.89653,40,6.167,0.806,1.231,0.639,0.461,0.082,0.065
2019,El Salvador,13.794185,-88.89653,35,6.253,0.794,1.242,0.789,0.43,0.074,0.093
2015,Estonia,58.595272,25.013607,73,5.429,1.15174,1.22791,0.77361,0.44888,0.15184,0.0868
2016,Estonia,58.595272,25.013607,72,5.517,1.27964,1.05163,0.68098,0.41511,0.18519,0.08423
2017,Estonia,58.595272,25.013607,66,5.611000061,1.32087934,1.4766711,0.695168316,0.47913143,0.183248922,0.098890811
2018,Estonia,58.595272,25.013607,63,5.739,1.2,1.532,0.737,0.553,0.174,0.086
2019,Estonia,58.595272,25.013607,55,5.893,1.237,1.528,0.874,0.495,0.161,0.103
2015,Ethiopia,9.145,40.489673,122,4.512,0.19073,0.60406,0.44055,0.4345,0.15048,0.24325
2016,Ethiopia,9.145,40.489673,115,4.508,0.29283,0.37932,0.34578,0.36703,0.1717,0.29522
2017,Ethiopia,9.145,40.489673,119,4.460000038,0.339233845,0.864669204,0.353409708,0.408842742,0.165455714,0.31265074
2018,Ethiopia,9.145,40.489673,127,4.35,0.308,0.95,0.391,0.452,0.146,0.22
2019,Ethiopia,9.145,40.489673,134,4.286,0.336,1.033,0.532,0.344,0.1,0.209
2015,Finland,61.92411,25.748151,6,7.406,1.29025,1.31826,0.88911,0.64169,0.41372,0.23351
2016,Finland,61.92411,25.748151,5,7.413,1.40598,1.13464,0.81091,0.57104,0.41004,0.25492
2017,Finland,61.92411,25.748151,5,7.468999863,1.443571925,1.540246725,0.80915767,0.617950857,0.382611543,0.245482773
2018,Finland,61.92411,25.748151,1,7.632,1.305,1.592,0.874,0.681,0.393,0.202
2019,Finland,61.92411,25.748151,1,7.769,1.34,1.587,0.986,0.596,0.393,0.153
2015,France,46.227638,2.213749,29,6.575,1.27778,1.26038,0.94579,0.55011,0.20646,0.12332
2016,France,46.227638,2.213749,32,6.478,1.39488,1.00508,0.83795,0.46562,0.17808,0.1216
2017,France,46.227638,2.213749,31,6.441999912,1.430923462,1.387776852,0.844465852,0.470222116,0.172502428,0.129762307
2018,France,46.227638,2.213749,23,6.489,1.293,1.466,0.908,0.52,0.176,0.098
2019,France,46.227638,2.213749,24,6.592,1.324,1.472,1.045,0.436,0.183,0.111
2015,Gabon,-0.803689,11.609444,143,3.896,1.06024,0.90528,0.43372,0.31914,0.11091,0.06822
2016,Gabon,-0.803689,11.609444,134,4.121,1.15851,0.72368,0.3494,0.28098,0.09314,0.06244
2017,Gabon,-0.803689,11.609444,118,4.465000153,1.198210239,1.155620217,0.356578588,0.312328577,0.076046787,0.043785378
2018,Gabon,-0.803689,11.609444,103,4.758,1.036,1.164,0.404,0.356,0.052,0.032
2019,Gabon,-0.803689,11.609444,104,4.799,1.057,1.183,0.571,0.295,0.055,0.043
2019,Gambia,13.443182,-15.310139,120,4.516,0.308,0.939,0.428,0.382,0.167,0.269
2015,Georgia,42.315407,43.356892,130,4.297,0.7419,0.38562,0.72926,0.40577,0.38331,0.05547
2016,Georgia,42.315407,43.356892,126,4.252,0.83792,0.19249,0.64035,0.32461,0.3188,0.06786
2017,Georgia,42.315407,43.356892,125,4.285999775,0.950612664,0.570614934,0.649546981,0.309410036,0.251666635,0.054008815
2018,Georgia,42.315407,43.356892,128,4.34,0.853,0.592,0.643,0.375,0.215,0.038
2019,Georgia,42.315407,43.356892,119,4.519,0.886,0.666,0.752,0.346,0.164,0.043
2015,Germany,51.165691,10.451526,26,6.75,1.32792,1.29937,0.89186,0.61477,0.21843,0.28214
2016,Germany,51.165691,10.451526,16,6.994,1.44787,1.09774,0.81487,0.53466,0.28551,0.30452
2017,Germany,51.165691,10.451526,16,6.951000214,1.487923384,1.472520351,0.798950732,0.562511384,0.276731938,0.33626917
2018,Germany,51.165691,10.451526,15,6.965,1.34,1.474,0.861,0.586,0.28,0.273
2019,Germany,51.165691,10.451526,17,6.985,1.373,1.454,0.987,0.495,0.265,0.261
2015,Ghana,7.946527,-1.023194,114,4.633,0.54558,0.67954,0.40132,0.42342,0.04355,0.23087
2016,Ghana,7.946527,-1.023194,124,4.276,0.63107,0.49353,0.29681,0.40973,0.0326,0.21203
2017,Ghana,7.946527,-1.023194,131,4.119999886,0.667224824,0.873664737,0.295637727,0.423026294,0.02533637,0.256923944
2018,Ghana,7.946527,-1.023194,108,4.657,0.592,0.896,0.337,0.499,0.029,0.212
2019,Ghana,7.946527,-1.023194,98,4.996,0.611,0.868,0.486,0.381,0.04,0.245
2015,Greece,39.074208,21.824312,102,4.857,1.15406,0.92933,0.88213,0.07699,0.01397,0
2016,Greece,39.074208,21.824312,99,5.033,1.24886,0.75473,0.80029,0.05822,0.04127,0
2017,Greece,39.074208,21.824312,87,5.227000237,1.289487481,1.239414573,0.810198903,0.095731251,0.043289777,0
2018,Greece,39.074208,21.824312,79,5.358,1.154,1.202,0.879,0.131,0.044,0
2019,Greece,39.074208,21.824312,82,5.287,1.181,1.156,0.999,0.067,0.034,0
2015,Guatemala,15.783471,-90.230759,43,6.123,0.74553,1.04356,0.64425,0.57733,0.09472,0.27489
2016,Guatemala,15.783471,-90.230759,39,6.324,0.83454,0.87119,0.54039,0.50379,0.08701,0.28808
2017,Guatemala,15.783471,-90.230759,29,6.453999996,0.872001946,1.255585194,0.54023999,0.531310618,0.077223279,0.283488393
2018,Guatemala,15.783471,-90.230759,30,6.382,0.781,1.268,0.608,0.604,0.071,0.179
2019,Guatemala,15.783471,-90.230759,27,6.436,0.8,1.269,0.746,0.535,0.078,0.175
2015,Guinea,9.945587,-9.696645,150,3.656,0.17417,0.46475,0.24009,0.37725,0.12139,0.28657
2016,Guinea,9.945587,-9.696645,151,3.607,0.22415,0.3109,0.18829,0.30953,0.1192,0.29914
2017,Guinea,9.945587,-9.696645,149,3.506999969,0.24454993,0.791244686,0.194129139,0.348587513,0.110937618,0.264815092
2018,Guinea,9.945587,-9.696645,140,3.964,0.344,0.792,0.211,0.394,0.094,0.185
2019,Guinea,9.945587,-9.696645,118,4.534,0.38,0.829,0.375,0.332,0.086,0.207
2015,Haiti,18.971187,-72.285215,119,4.518,0.26673,0.74302,0.38847,0.24425,0.17175,0.46187
2016,Haiti,18.971187,-72.285215,136,4.028,0.34097,0.29561,0.27494,0.12072,0.14476,0.47958
2017,Haiti,18.971187,-72.285215,145,3.602999926,0.368610263,0.640449822,0.27732113,0.030369857,0.09987215,0.489203781
2018,Haiti,18.971187,-72.285215,148,3.582,0.315,0.714,0.289,0.025,0.104,0.392
2019,Haiti,18.971187,-72.285215,147,3.597,0.323,0.688,0.449,0.026,0.11,0.419
2015,Honduras,15.199999,-86.241905,105,4.788,0.59532,0.95348,0.6951,0.40148,0.06825,0.23027
2016,Honduras,15.199999,-86.241905,104,4.871,0.69429,0.75596,0.58383,0.26755,0.06906,0.2044
2017,Honduras,15.199999,-86.241905,91,5.181000233,0.730573118,1.143944979,0.58256948,0.34807986,0.073345453,0.236188874
2018,Honduras,15.199999,-86.241905,72,5.504,0.62,1.205,0.622,0.459,0.074,0.197
2019,Honduras,15.199999,-86.241905,59,5.86,0.642,1.236,0.828,0.507,0.078,0.246
2015,Hong Kong,22.396428,114.109497,72,5.474,1.38604,1.05818,1.01328,0.59608,0.37124,0.39478
2016,Hong Kong,22.396428,114.109497,75,5.458,1.5107,0.87021,0.95277,0.48079,0.31647,0.40097
2018,Hong Kong,22.396428,114.109497,76,5.43,1.405,1.29,1.03,0.524,0.291,0.246
2019,Hong Kong,22.396428,114.109497,76,5.43,1.438,1.277,1.122,0.44,0.287,0.258
2017,"Hong Kong S.A.R., China",22.396428,114.109497,71,5.472000122,1.551674843,1.262790918,0.943062425,0.490968645,0.293933749,0.374465793
2015,Hungary,47.162494,19.503304,104,4.8,1.12094,1.20215,0.75905,0.32112,0.02758,0.128
2016,Hungary,47.162494,19.503304,91,5.145,1.24142,0.93164,0.67608,0.1977,0.04472,0.099
2017,Hungary,47.162494,19.503304,75,5.323999882,1.286011934,1.343133092,0.687763453,0.175863519,0.036636937,0.078401662
2018,Hungary,47.162494,19.503304,69,5.62,1.171,1.401,0.732,0.259,0.022,0.061
2019,Hungary,47.162494,19.503304,62,5.758,1.201,1.41,0.828,0.199,0.02,0.081
2015,Iceland,64.963051,-19.020835,2,7.561,1.30232,1.40223,0.94784,0.62877,0.14145,0.4363
2016,Iceland,64.963051,-19.020835,3,7.501,1.42666,1.18326,0.86733,0.56624,0.14975,0.47678
2017,Iceland,64.963051,-19.020835,3,7.504000187,1.48063302,1.610574007,0.833552122,0.627162635,0.153526559,0.475540221
2018,Iceland,64.963051,-19.020835,4,7.495,1.343,1.644,0.914,0.677,0.138,0.353
2019,Iceland,64.963051,-19.020835,4,7.494,1.38,1.624,1.026,0.591,0.118,0.354
2015,India,20.593684,78.96288,117,4.565,0.64499,0.38174,0.51529,0.39786,0.08492,0.26475
2016,India,20.593684,78.96288,118,4.404,0.74036,0.29247,0.45091,0.40285,0.08722,0.25028
2017,India,20.593684,78.96288,122,4.315000057,0.792221248,0.754372597,0.455427617,0.469987005,0.092226885,0.231538489
2018,India,20.593684,78.96288,133,4.19,0.721,0.747,0.485,0.539,0.093,0.172
2019,India,20.593684,78.96288,140,4.015,0.755,0.765,0.588,0.498,0.085,0.2
2015,Indonesia,-0.789275,113.921327,74,5.399,0.82827,1.08708,0.63793,0.46611,0,0.51535
2016,Indonesia,-0.789275,113.921327,79,5.314,0.95104,0.87625,0.49374,0.39237,0.00322,0.56521
2017,Indonesia,-0.789275,113.921327,81,5.262000084,0.995538592,1.274444699,0.492345721,0.443323463,0.015317135,0.611704588
2018,Indonesia,-0.789275,113.921327,96,5.093,0.899,1.215,0.522,0.538,0.018,0.484
2019,Indonesia,-0.789275,113.921327,92,5.192,0.931,1.203,0.66,0.491,0.028,0.498
2015,Iran,32.427908,53.688046,110,4.686,1.0088,0.54447,0.69805,0.30033,0.05863,0.38086
2016,Iran,32.427908,53.688046,105,4.813,1.11758,0.38857,0.64232,0.22544,0.0557,0.38538
2017,Iran,32.427908,53.688046,108,4.691999912,1.156873107,0.711551249,0.639333189,0.249322608,0.048761073,0.387242913
2018,Iran,32.427908,53.688046,106,4.707,1.059,0.771,0.691,0.459,0.129,0.282
2019,Iran,32.427908,53.688046,117,4.548,1.1,0.842,0.785,0.305,0.125,0.27
2015,Iraq,33.223191,43.679291,112,4.677,0.98549,0.81889,0.60237,0,0.13788,0.17922
2016,Iraq,33.223191,43.679291,112,4.575,1.07474,0.59205,0.51076,0.24856,0.13636,0.19589
2017,Iraq,33.223191,43.679291,117,4.497000217,1.102710485,0.978613198,0.50118047,0.288555533,0.107215755,0.199637264
2018,Iraq,33.223191,43.679291,117,4.456,1.01,0.971,0.536,0.304,0.095,0.148
2019,Iraq,33.223191,43.679291,126,4.437,1.043,0.98,0.574,0.241,0.089,0.148
2015,Ireland,53.41291,-8.24389,18,6.94,1.33596,1.36948,0.89533,0.61777,0.28703,0.45901
2016,Ireland,53.41291,-8.24389,19,6.907,1.48341,1.16157,0.81455,0.54008,0.29754,0.44963
2017,Ireland,53.41291,-8.24389,15,6.977000237,1.535706639,1.558231115,0.809782624,0.573110342,0.298388153,0.427858323
2018,Ireland,53.41291,-8.24389,14,6.977,1.448,1.583,0.876,0.614,0.306,0.307
2019,Ireland,53.41291,-8.24389,16,7.021,1.499,1.553,0.999,0.516,0.31,0.298
2015,Israel,31.046051,34.851612,11,7.278,1.22857,1.22393,0.91387,0.41319,0.07785,0.33172
2016,Israel,31.046051,34.851612,11,7.267,1.33766,0.99537,0.84917,0.36432,0.08728,0.32288
2017,Israel,31.046051,34.851612,11,7.212999821,1.375382423,1.376289964,0.838404,0.405988604,0.0852421,0.330082655
2018,Israel,31.046051,34.851612,19,6.814,1.301,1.559,0.883,0.533,0.272,0.354
2019,Israel,31.046051,34.851612,13,7.139,1.276,1.455,1.029,0.371,0.082,0.261
2015,Italy,41.87194,12.56738,50,5.948,1.25114,1.19777,0.95446,0.26236,0.02901,0.22823
2016,Italy,41.87194,12.56738,50,5.977,1.35495,1.04167,0.85102,0.18827,0.02556,0.16684
2017,Italy,41.87194,12.56738,48,5.964000225,1.395066619,1.444923282,0.853144348,0.256450713,0.028028091,0.172789648
2018,Italy,41.87194,12.56738,47,6,1.264,1.501,0.946,0.281,0.028,0.137
2019,Italy,41.87194,12.56738,36,6.223,1.294,1.488,1.039,0.231,0.03,0.158
2015,Ivory Coast,5.833333,-5.366667,151,3.655,0.46534,0.77115,0.15185,0.46866,0.17922,0.20165
2016,Ivory Coast,5.833333,-5.366667,139,3.916,0.55507,0.57576,0.04476,0.40663,0.1553,0.20338
2017,Ivory Coast,5.833333,-5.366667,128,4.179999828,0.603048921,0.90478003,0.04864217,0.447706193,0.130061775,0.20123747
2018,Ivory Coast,5.833333,-5.366667,107,4.671,0.541,0.872,0.08,0.467,0.103,0.146
2019,Ivory Coast,5.833333,-5.366667,99,4.944,0.569,0.808,0.232,0.352,0.09,0.154
2015,Jamaica,18.109581,-77.297508,65,5.709,0.81038,1.15102,0.68741,0.50442,0.02299,0.2123
2016,Jamaica,18.109581,-77.297508,73,5.51,0.89333,0.96372,0.59469,0.43597,0.04294,0.22245
2017,Jamaica,18.109581,-77.297508,76,5.31099987,0.925579309,1.368218064,0.641022384,0.474307239,0.055267781,0.233818337
2018,Jamaica,18.109581,-77.297508,56,5.89,0.819,1.493,0.693,0.575,0.031,0.096
2019,Jamaica,18.109581,-77.297508,56,5.89,0.831,1.478,0.831,0.49,0.028,0.107
2015,Japan,36.204824,138.252924,46,5.987,1.27074,1.25712,0.99111,0.49615,0.1806,0.10705
2016,Japan,36.204824,138.252924,53,5.921,1.38007,1.06054,0.91491,0.46761,0.18985,0.10224
2017,Japan,36.204824,138.252924,51,5.920000076,1.416915178,1.436337829,0.913475871,0.505625546,0.163760737,0.120572768
2018,Japan,36.204824,138.252924,54,5.915,1.294,1.462,0.988,0.553,0.15,0.079
2019,Japan,36.204824,138.252924,58,5.886,1.327,1.419,1.088,0.445,0.14,0.069
2015,Jordan,30.585164,36.238414,82,5.192,0.90198,1.05392,0.69639,0.40661,0.14293,0.11053
2016,Jordan,30.585164,36.238414,80,5.303,0.99673,0.86216,0.60712,0.36023,0.13297,0.14262
2017,Jordan,30.585164,36.238414,74,5.335999966,0.991012394,1.239088893,0.604590058,0.418421149,0.119803272,0.17217046
2018,Jordan,30.585164,36.238414,90,5.161,0.822,1.265,0.645,0.468,0.134,0.13
2019,Jordan,30.585164,36.238414,101,4.906,0.837,1.225,0.815,0.383,0.13,0.11
2015,Kazakhstan,48.019573,66.923684,54,5.855,1.12254,1.12241,0.64368,0.51649,0.08454,0.11827
2016,Kazakhstan,48.019573,66.923684,54,5.919,1.22943,0.95544,0.57386,0.4052,0.11132,0.15011
2017,Kazakhstan,48.019573,66.923684,60,5.818999767,1.28455627,1.384369016,0.606041551,0.437454283,0.119282886,0.201964423
2018,Kazakhstan,48.019573,66.923684,60,5.79,1.143,1.516,0.631,0.454,0.121,0.148
2019,Kazakhstan,48.019573,66.923684,60,5.809,1.173,1.508,0.729,0.41,0.096,0.146
2015,Kenya,-0.023559,37.906193,125,4.419,0.36471,0.99876,0.41435,0.42215,0.05839,0.37542
2016,Kenya,-0.023559,37.906193,122,4.356,0.52267,0.7624,0.30147,0.40576,0.06686,0.41328
2017,Kenya,-0.023559,37.906193,112,4.552999973,0.560479462,1.067950726,0.30998835,0.452763766,0.064641319,0.444860309
2018,Kenya,-0.023559,37.906193,124,4.41,0.493,1.048,0.454,0.504,0.055,0.352
2019,Kenya,-0.023559,37.906193,121,4.509,0.512,0.983,0.581,0.431,0.053,0.372
2015,Kosovo,42.602636,20.902977,69,5.589,0.80148,0.81198,0.63132,0.24749,0.04741,0.2831
2016,Kosovo,42.602636,20.902977,77,5.401,0.90145,0.66062,0.54,0.14396,0.06547,0.27992
2017,Kosovo,42.602636,20.902977,78,5.278999805,0.951484382,1.137853503,0.54145205,0.260287941,0.057471618,0.319931448
2018,Kosovo,42.602636,20.902977,66,5.662,0.855,1.23,0.578,0.448,0.023,0.274
2019,Kosovo,42.602636,20.902977,46,6.1,0.882,1.232,0.758,0.489,0.006,0.262
2015,Kuwait,29.31166,47.481766,39,6.295,1.55422,1.16594,0.72492,0.55499,0.25609,0.16228
2016,Kuwait,29.31166,47.481766,41,6.239,1.61714,0.87758,0.63569,0.43166,0.23669,0.15965
2017,Kuwait,29.31166,47.481766,39,6.105000019,1.632952452,1.259698749,0.632105708,0.496337593,0.21515955,0.228289798
2018,Kuwait,29.31166,47.481766,45,6.083,1.474,1.301,0.675,0.554,0.106,0.167
2019,Kuwait,29.31166,47.481766,51,6.021,1.5,1.319,0.808,0.493,0.097,0.142
2015,Kyrgyzstan,41.20438,74.766098,77,5.286,0.47428,1.15115,0.65088,0.43477,0.04232,0.3003
2016,Kyrgyzstan,41.20438,74.766098,85,5.185,0.56044,0.95434,0.55449,0.40212,0.04762,0.38432
2017,Kyrgyzstan,41.20438,74.766098,98,5.004000187,0.596220076,1.394238591,0.553457797,0.454943389,0.039439179,0.428580374
2018,Kyrgyzstan,41.20438,74.766098,92,5.131,0.53,1.416,0.594,0.54,0.035,0.281
2019,Kyrgyzstan,41.20438,74.766098,86,5.261,0.551,1.438,0.723,0.508,0.023,0.3
2015,Laos,19.85627,102.495496,99,4.876,0.59066,0.73803,0.54909,0.59591,0.24249,0.42192
2016,Laos,19.85627,102.495496,102,4.876,0.68042,0.5497,0.38291,0.52168,0.22423,0.43079
2018,Laos,19.85627,102.495496,110,4.623,0.72,1.034,0.441,0.626,0.174,0.23
2019,Laos,19.85627,102.495496,105,4.796,0.764,1.03,0.551,0.547,0.164,0.266
2015,Latvia,56.879635,24.603189,89,5.098,1.11312,1.09562,0.72437,0.29671,0.06332,0.18226
2016,Latvia,56.879635,24.603189,68,5.56,1.21788,0.95025,0.63952,0.27996,0.0889,0.17445
2017,Latvia,56.879635,24.603189,54,5.849999905,1.260748625,1.404714942,0.638566971,0.325707912,0.073842727,0.153074786
2018,Latvia,56.879635,24.603189,53,5.933,1.148,1.454,0.671,0.363,0.066,0.092
2019,Latvia,56.879635,24.603189,53,5.94,1.187,1.465,0.812,0.264,0.064,0.075
2015,Lebanon,33.854721,35.862285,103,4.839,1.02564,0.80001,0.83947,0.33916,0.04582,0.21854
2016,Lebanon,33.854721,35.862285,93,5.129,1.12268,0.64184,0.76171,0.26228,0.03061,0.23693
2017,Lebanon,33.854721,35.862285,88,5.224999905,1.074987531,1.129624248,0.735081077,0.288515985,0.03751383,0.264450759
2018,Lebanon,33.854721,35.862285,80,5.358,0.965,1.179,0.785,0.503,0.136,0.214
2019,Lebanon,33.854721,35.862285,91,5.197,0.987,1.224,0.815,0.216,0.027,0.166
2015,Lesotho,-29.609988,28.233608,97,4.898,0.37545,1.04103,0.07612,0.31767,0.12504,0.16388
2017,Lesotho,-29.609988,28.233608,139,3.808000088,0.521021247,1.190095186,0,0.390661299,0.11909464,0.157497272
2018,Lesotho,-29.609988,28.233608,141,3.808,0.472,1.215,0.079,0.423,0.112,0.116
2019,Lesotho,-29.609988,28.233608,144,3.802,0.489,1.169,0.168,0.359,0.093,0.107
2015,Liberia,6.428055,-9.429499,116,4.571,0.0712,0.78968,0.34201,0.28531,0.06232,0.24362
2016,Liberia,6.428055,-9.429499,150,3.622,0.10706,0.50353,0.23165,0.25748,0.04852,0.24063
2017,Liberia,6.428055,-9.429499,148,3.532999992,0.119041793,0.872117937,0.229918197,0.332881182,0.038948249,0.266549885
2018,Liberia,6.428055,-9.429499,149,3.495,0.076,0.858,0.267,0.419,0.03,0.206
2019,Liberia,6.428055,-9.429499,141,3.975,0.073,0.922,0.443,0.37,0.033,0.233
2015,Libya,26.3351,17.228331,63,5.754,1.13145,1.11862,0.7038,0.41668,0.11023,0.18295
2016,Libya,26.3351,17.228331,67,5.615,1.06688,0.95076,0.52304,0.40672,0.10339,0.17087
2017,Libya,26.3351,17.228331,68,5.525000095,1.101803064,1.35756433,0.52016902,0.46573323,0.09261021,0.152073666
2018,Libya,26.3351,17.228331,70,5.566,0.985,1.35,0.553,0.496,0.148,0.116
2019,Libya,26.3351,17.228331,72,5.525,1.044,1.303,0.673,0.416,0.152,0.133
2015,Lithuania,55.169438,23.881275,56,5.833,1.14723,1.25745,0.73128,0.21342,0.01031,0.02641
2016,Lithuania,55.169438,23.881275,60,5.813,1.2692,1.06411,0.64674,0.18929,0.0182,0.02025
2017,Lithuania,55.169438,23.881275,52,5.90199995,1.314582348,1.473516107,0.62894994,0.234231785,0.011865643,0.010164657
2018,Lithuania,55.169438,23.881275,50,5.952,1.197,1.527,0.716,0.35,0.006,0.026
2019,Lithuania,55.169438,23.881275,42,6.149,1.238,1.515,0.818,0.291,0.042,0.043
2015,Luxembourg,49.815273,6.129583,17,6.946,1.56391,1.21963,0.91894,0.61583,0.37798,0.28034
2016,Luxembourg,49.815273,6.129583,20,6.871,1.69752,1.03999,0.84542,0.5487,0.35329,0.27571
2017,Luxembourg,49.815273,6.129583,18,6.862999916,1.741943598,1.457583666,0.845089495,0.596627891,0.318834424,0.283180982
2018,Luxembourg,49.815273,6.129583,17,6.91,1.576,1.52,0.896,0.632,0.321,0.196
2019,Luxembourg,49.815273,6.129583,14,7.09,1.609,1.479,1.012,0.526,0.316,0.194
2015,Macedonia,41.608635,21.745275,93,5.007,0.91851,1.00232,0.73545,0.33457,0.05327,0.22359
2016,Macedonia,41.608635,21.745275,95,5.121,1.0193,0.78236,0.64738,0.27668,0.07047,0.23507
2017,Macedonia,41.608635,21.745275,92,5.175000191,1.064577937,1.207893014,0.644948184,0.325905979,0.060277794,0.253760964
2018,Macedonia,41.608635,21.745275,89,5.185,0.959,1.239,0.691,0.394,0.052,0.173
2015,Madagascar,-18.766947,46.869107,147,3.681,0.20824,0.66801,0.46721,0.19184,0.08124,0.21333
2016,Madagascar,-18.766947,46.869107,148,3.695,0.27954,0.46115,0.37109,0.13684,0.07506,0.2204
2017,Madagascar,-18.766947,46.869107,144,3.644000053,0.305808693,0.913020372,0.375223309,0.189196765,0.067231975,0.20873253
2018,Madagascar,-18.766947,46.869107,143,3.774,0.262,0.908,0.402,0.221,0.049,0.155
2019,Madagascar,-18.766947,46.869107,143,3.933,0.274,0.916,0.555,0.148,0.041,0.169
2015,Malawi,-13.254308,34.301525,131,4.292,0.01604,0.41134,0.22562,0.43054,0.06977,0.33128
2016,Malawi,-13.254308,34.301525,132,4.156,0.08709,0.147,0.29364,0.4143,0.07564,0.30968
2017,Malawi,-13.254308,34.301525,136,3.970000029,0.233442038,0.512568831,0.315089583,0.466914654,0.072711654,0.28717047
2018,Malawi,-13.254308,34.301525,147,3.587,0.186,0.541,0.306,0.531,0.08,0.21
2019,Malawi,-13.254308,34.301525,150,3.41,0.191,0.56,0.495,0.443,0.089,0.218
2015,Malaysia,4.210484,101.975766,61,5.77,1.12486,1.07023,0.72394,0.53024,0.10501,0.33075
2016,Malaysia,4.210484,101.975766,47,6.005,1.25142,0.88025,0.62366,0.39031,0.09081,0.41474
2017,Malaysia,4.210484,101.975766,42,6.084000111,1.29121542,1.284646034,0.618784428,0.402264982,0.065600708,0.41660893
2018,Malaysia,4.210484,101.975766,35,6.322,1.161,1.258,0.669,0.356,0.059,0.311
2019,Malaysia,4.210484,101.975766,80,5.339,1.221,1.171,0.828,0.508,0.024,0.26
2015,Mali,17.570692,-3.996166,138,3.995,0.26074,1.03526,0.20583,0.38857,0.12352,0.18798
2016,Mali,17.570692,-3.996166,135,4.073,0.31292,0.86333,0.16347,0.27544,0.13647,0.21064
2017,Mali,17.570692,-3.996166,127,4.190000057,0.476180494,1.281473398,0.169365674,0.306613743,0.104970247,0.183354199
2018,Mali,17.570692,-3.996166,118,4.447,0.37,1.233,0.152,0.367,0.056,0.139
2019,Mali,17.570692,-3.996166,128,4.39,0.385,1.105,0.308,0.327,0.052,0.153
2015,Malta,35.937496,14.375416,37,6.302,1.2074,1.30203,0.88721,0.60365,0.13586,0.51752
2016,Malta,35.937496,14.375416,30,6.488,1.30782,1.09879,0.80315,0.54994,0.17554,0.56237
2017,Malta,35.937496,14.375416,27,6.52699995,1.343279839,1.488411665,0.821944237,0.588767052,0.153066069,0.574730575
2018,Malta,35.937496,14.375416,22,6.627,1.27,1.525,0.884,0.645,0.142,0.376
2019,Malta,35.937496,14.375416,22,6.726,1.3,1.52,0.999,0.564,0.151,0.375
2015,Mauritania,21.00789,-10.940835,124,4.436,0.45407,0.86908,0.35874,0.24232,0.17461,0.219
2016,Mauritania,21.00789,-10.940835,130,4.201,0.61391,0.84142,0.28639,0.1268,0.17955,0.22686
2017,Mauritania,21.00789,-10.940835,123,4.291999817,0.648457289,1.27203083,0.28534928,0.096098043,0.136957005,0.201870024
2018,Mauritania,21.00789,-10.940835,126,4.356,0.557,1.245,0.292,0.129,0.093,0.134
2019,Mauritania,21.00789,-10.940835,122,4.49,0.57,1.167,0.489,0.066,0.088,0.106
2015,Mauritius,-20.348404,57.552152,71,5.477,1.00761,0.98521,0.7095,0.56066,0.07521,0.37744
2016,Mauritius,-20.348404,57.552152,66,5.648,1.14372,0.75695,0.66189,0.46145,0.05203,0.36951
2017,Mauritius,-20.348404,57.552152,64,5.629000187,1.189395547,1.20956099,0.638007462,0.491247326,0.042181555,0.360933751
2018,Mauritius,-20.348404,57.552152,55,5.891,1.09,1.387,0.684,0.584,0.05,0.245
2019,Mauritius,-20.348404,57.552152,57,5.888,1.12,1.402,0.798,0.498,0.06,0.215
2015,Mexico,23.634501,-102.552784,14,7.187,1.02054,0.91451,0.81444,0.48181,0.21312,0.14074
2016,Mexico,23.634501,-102.552784,21,6.778,1.11508,0.7146,0.71143,0.37709,0.18355,0.11735
2017,Mexico,23.634501,-102.552784,25,6.578000069,1.153183818,1.21086216,0.709978998,0.412730008,0.132774115,0.120990433
2018,Mexico,23.634501,-102.552784,24,6.488,1.038,1.252,0.761,0.479,0.095,0.069
2019,Mexico,23.634501,-102.552784,23,6.595,1.07,1.323,0.861,0.433,0.073,0.074
2015,Moldova,47.411631,28.369885,52,5.889,0.59448,1.01528,0.61826,0.32818,0.01615,0.20951
2016,Moldova,47.411631,28.369885,55,5.897,0.69177,0.83132,0.52309,0.25202,0.01903,0.19997
2017,Moldova,47.411631,28.369885,56,5.837999821,0.72887063,1.251825571,0.589465201,0.240729049,0.010091286,0.208779126
2018,Moldova,47.411631,28.369885,67,5.64,0.657,1.301,0.62,0.232,0,0.171
2019,Moldova,47.411631,28.369885,71,5.529,0.685,1.328,0.739,0.245,0,0.181
2015,Mongolia,46.862496,103.846656,100,4.874,0.82819,1.3006,0.60268,0.43626,0.02666,0.3323
2016,Mongolia,46.862496,103.846656,101,4.907,0.98853,1.08983,0.55469,0.35972,0.03285,0.34539
2017,Mongolia,46.862496,103.846656,100,4.954999924,1.027235866,1.493011236,0.557783484,0.394143969,0.032902289,0.33846423
2018,Mongolia,46.862496,103.846656,94,5.125,0.914,1.517,0.575,0.395,0.032,0.253
2019,Mongolia,46.862496,103.846656,83,5.285,0.948,1.531,0.667,0.317,0.038,0.235
2015,Montenegro,42.708678,19.37439,82,5.192,0.97438,0.90557,0.72521,0.1826,0.14296,0.1614
2016,Montenegro,42.708678,19.37439,88,5.161,1.07838,0.74173,0.63533,0.15111,0.12721,0.17191
2017,Montenegro,42.708678,19.37439,83,5.236999989,1.121129036,1.238376498,0.667464674,0.194989055,0.088174194,0.197911024
2018,Montenegro,42.708678,19.37439,81,5.347,1.017,1.279,0.729,0.259,0.081,0.111
2019,Montenegro,42.708678,19.37439,73,5.523,1.051,1.361,0.871,0.197,0.08,0.142
2015,Morocco,31.791702,-7.09262,92,5.013,0.73479,0.64095,0.60954,0.41691,0.08546,0.07172
2016,Morocco,31.791702,-7.09262,90,5.151,0.84058,0.38595,0.59471,0.25646,0.08404,0.04053
2017,Morocco,31.791702,-7.09262,84,5.235000134,0.878114581,0.774864435,0.597710669,0.408158332,0.087763183,0.032209955
2018,Morocco,31.791702,-7.09262,85,5.254,0.779,0.797,0.669,0.46,0.074,0.026
2019,Morocco,31.791702,-7.09262,89,5.208,0.801,0.782,0.782,0.418,0.076,0.036
2015,Mozambique,-18.665695,35.529562,94,4.971,0.08308,1.02626,0.09131,0.34037,0.15603,0.22269
2017,Mozambique,-18.665695,35.529562,113,4.550000191,0.23430565,0.870701015,0.106654435,0.480791092,0.179436386,0.322228104
2018,Mozambique,-18.665695,35.529562,123,4.417,0.198,0.902,0.173,0.531,0.158,0.206
2019,Mozambique,-18.665695,35.529562,123,4.466,0.204,0.986,0.39,0.494,0.138,0.197
2015,Myanmar,21.913965,95.956223,129,4.307,0.27108,0.70905,0.48246,0.44017,0.19034,0.79588
2016,Myanmar,21.913965,95.956223,119,4.395,0.34112,0.69981,0.3988,0.42692,0.20243,0.81971
2017,Myanmar,21.913965,95.956223,114,4.545000076,0.36711055,1.123235941,0.397522569,0.514492035,0.188816205,0.838075161
2018,Myanmar,21.913965,95.956223,130,4.308,0.682,1.174,0.429,0.58,0.178,0.598
2019,Myanmar,21.913965,95.956223,131,4.36,0.71,1.181,0.555,0.525,0.172,0.566
2016,Namibia,-22.95764,18.49041,113,4.574,0.93287,0.70362,0.34745,0.48614,0.10398,0.07795
2017,Namibia,-22.95764,18.49041,111,4.573999882,0.964434326,1.098470807,0.338611811,0.520303547,0.093146972,0.077133745
2018,Namibia,-22.95764,18.49041,119,4.441,0.874,1.281,0.365,0.519,0.064,0.051
2019,Namibia,-22.95764,18.49041,113,4.639,0.879,1.313,0.477,0.401,0.056,0.07
2015,Nepal,28.394857,84.124008,121,4.514,0.35997,0.86449,0.56874,0.38282,0.05907,0.32296
2016,Nepal,28.394857,84.124008,107,4.793,0.44626,0.69699,0.50073,0.37012,0.07008,0.3816
2017,Nepal,28.394857,84.124008,99,4.961999893,0.479820192,1.179283261,0.504130781,0.440305948,0.072975546,0.394096166
2018,Nepal,28.394857,84.124008,101,4.88,0.425,1.228,0.539,0.526,0.078,0.302
2019,Nepal,28.394857,84.124008,100,4.913,0.446,1.226,0.677,0.439,0.089,0.285
2015,Netherlands,52.132633,5.291266,7,7.378,1.32944,1.28017,0.89284,0.61576,0.31814,0.4761
2016,Netherlands,52.132633,5.291266,7,7.339,1.46468,1.02912,0.81231,0.55211,0.29927,0.47416
2017,Netherlands,52.132633,5.291266,6,7.376999855,1.503944635,1.428939223,0.810696125,0.585384488,0.282661825,0.47048983
2018,Netherlands,52.132633,5.291266,6,7.441,1.361,1.488,0.878,0.638,0.295,0.333
2019,Netherlands,52.132633,5.291266,5,7.488,1.396,1.522,0.999,0.557,0.298,0.322
2015,New Zealand,-40.900557,174.885971,9,7.286,1.25018,1.31967,0.90837,0.63938,0.42922,0.47501
2016,New Zealand,-40.900557,174.885971,8,7.334,1.36066,1.17278,0.83096,0.58147,0.41904,0.49401
2017,New Zealand,-40.900557,174.885971,8,7.31400013,1.405706048,1.548195124,0.816759706,0.61406213,0.382816702,0.500005126
2018,New Zealand,-40.900557,174.885971,8,7.324,1.268,1.601,0.876,0.669,0.389,0.365
2019,New Zealand,12.865416,-85.207229,8,7.307,1.303,1.557,1.026,0.585,0.38,0.33
2015,Nicaragua,12.865416,-85.207229,57,5.828,0.59325,1.14184,0.74314,0.55475,0.19317,0.27815
2016,Nicaragua,12.865416,-85.207229,48,5.992,0.69384,0.89521,0.65213,0.46582,0.16292,0.29773
2017,Nicaragua,12.865416,-85.207229,43,6.071000099,0.737299204,1.28721571,0.653095961,0.447551847,0.130687982,0.301674217
2018,Nicaragua,12.865416,-85.207229,41,6.141,0.668,1.319,0.7,0.527,0.128,0.208
2019,Nicaragua,12.865416,-85.207229,45,6.105,0.694,1.325,0.835,0.435,0.127,0.2
2015,Niger,17.607789,8.081666,144,3.845,0.0694,0.77265,0.29707,0.47692,0.15639,0.19387
2016,Niger,17.607789,8.081666,142,3.856,0.1327,0.6053,0.26162,0.38041,0.17176,0.2097
2017,Niger,17.607789,8.081666,135,4.027999878,0.161925331,0.993025005,0.268505007,0.363658696,0.138572946,0.228673846
2018,Niger,17.607789,8.081666,134,4.166,0.131,0.867,0.221,0.39,0.099,0.175
2019,Niger,17.607789,8.081666,114,4.628,0.138,0.774,0.366,0.318,0.102,0.188
2015,Nigeria,9.081999,8.675277,78,5.268,0.65435,0.90432,0.16007,0.34334,0.0403,0.27233
2016,Nigeria,9.081999,8.675277,103,4.875,0.75216,0.64498,0.05108,0.27854,0.0305,0.23219
2017,Nigeria,9.081999,8.675277,95,5.073999882,0.783756256,1.215770483,0.05691573,0.394952565,0.026121566,0.230947196
2018,Nigeria,9.081999,8.675277,91,5.155,0.689,1.172,0.048,0.462,0.032,0.201
2019,Nigeria,9.081999,8.675277,85,5.265,0.696,1.111,0.245,0.426,0.041,0.215
2015,North Cyprus,35.185566,33.382275,66,5.695,1.20806,1.07008,0.92356,0.49027,0.1428,0.26169
2016,North Cyprus,35.185566,33.382275,62,5.771,1.31141,0.81826,0.84142,0.43596,0.16578,0.26322
2017,North Cyprus,35.185566,33.382275,61,5.809999943,1.346911311,1.186303377,0.834647238,0.471203625,0.155353352,0.266845703
2019,North Macedonia,41.608635,21.745275,84,5.274,0.983,1.294,0.838,0.345,0.034,0.185
2018,Northern Cyprus,35.185566,33.382275,58,5.835,1.229,1.211,0.909,0.495,0.154,0.179
2019,Northern Cyprus,35.185566,33.382275,64,5.718,1.263,1.252,1.042,0.417,0.162,0.191
2015,Norway,60.472024,8.468946,4,7.522,1.459,1.33095,0.88521,0.66973,0.36503,0.34699
2016,Norway,60.472024,8.468946,4,7.498,1.57744,1.1269,0.79579,0.59609,0.35776,0.37895
2017,Norway,60.472024,8.468946,1,7.537000179,1.616463184,1.53352356,0.796666503,0.635422587,0.315963835,0.362012237
2018,Norway,60.472024,8.468946,2,7.594,1.456,1.582,0.861,0.686,0.34,0.286
2019,Norway,60.472024,8.468946,3,7.554,1.488,1.582,1.028,0.603,0.341,0.271
2015,Oman,21.512583,55.923255,22,6.853,1.36011,1.08182,0.76276,0.63274,0.32524,0.21542
2015,Pakistan,30.375321,69.345116,81,5.194,0.59543,0.41411,0.51466,0.12102,0.10464,0.33671
2016,Pakistan,30.375321,69.345116,92,5.132,0.68816,0.26135,0.40306,0.14622,0.1388,0.31185
2017,Pakistan,30.375321,69.345116,80,5.269000053,0.726883531,0.67269069,0.402047783,0.235215262,0.124348067,0.315446019
2018,Pakistan,30.375321,69.345116,75,5.472,0.652,0.81,0.424,0.334,0.113,0.216
2019,Pakistan,30.375321,69.345116,67,5.653,0.677,0.886,0.535,0.313,0.098,0.22
2015,Palestinian Territories,31.952162,35.233154,108,4.715,0.59867,0.92558,0.66015,0.24499,0.12905,0.11251
2016,Palestinian Territories,31.952162,35.233154,108,4.754,0.67024,0.71629,0.56844,0.17744,0.10613,0.11154
2017,Palestinian Territories,31.952162,35.233154,103,4.775000095,0.716249228,1.155647159,0.565666974,0.254711062,0.089282602,0.114173174
2018,Palestinian Territories,31.952162,35.233154,104,4.743,0.642,1.217,0.602,0.266,0.076,0.086
2019,Palestinian Territories,31.952162,35.233154,110,4.696,0.657,1.247,0.672,0.225,0.066,0.103
2015,Panama,8.537981,-80.782127,25,6.786,1.06353,1.1985,0.79661,0.5421,0.0927,0.24434
2016,Panama,8.537981,-80.782127,25,6.701,1.18306,0.98912,0.70835,0.48927,0.08423,0.2418
2017,Panama,8.537981,-80.782127,30,6.452000141,1.233748436,1.373192549,0.706156135,0.550026834,0.070983924,0.210556939
2018,Panama,8.537981,-80.782127,27,6.43,1.112,1.438,0.759,0.597,0.063,0.125
2019,Panama,8.537981,-80.782127,31,6.321,1.149,1.442,0.91,0.516,0.054,0.109
2015,Paraguay,-23.442503,-58.443832,53,5.878,0.75985,1.30477,0.66098,0.53899,0.08242,0.3424
2016,Paraguay,-23.442503,-58.443832,70,5.538,0.89373,1.11111,0.58295,0.46235,0.07396,0.25296
2017,Paraguay,-23.442503,-58.443832,70,5.493000031,0.932537317,1.50728488,0.579250693,0.473507792,0.091065913,0.224150658
2018,Paraguay,-23.442503,-58.443832,64,5.681,0.835,1.522,0.615,0.541,0.074,0.162
2019,Paraguay,-23.442503,-58.443832,63,5.743,0.855,1.475,0.777,0.514,0.08,0.184
2015,Peru,-9.189967,-75.015152,58,5.824,0.90019,0.97459,0.73017,0.41496,0.05989,0.14982
2016,Peru,-9.189967,-75.015152,64,5.743,0.99602,0.81255,0.62994,0.37502,0.05292,0.14527
2017,Peru,-9.189967,-75.015152,63,5.715000153,1.035225272,1.218770385,0.630166113,0.450002879,0.047049087,0.126819715
2018,Peru,-9.189967,-75.015152,65,5.663,0.934,1.249,0.674,0.53,0.034,0.092
2019,Peru,-9.189967,-75.015152,65,5.697,0.96,1.274,0.854,0.455,0.027,0.083
2015,Philippines,12.879721,121.774017,90,5.073,0.70532,1.03516,0.58114,0.62545,0.12279,0.24991
2016,Philippines,12.879721,121.774017,82,5.279,0.81217,0.87877,0.47036,0.54854,0.11757,0.21674
2017,Philippines,12.879721,121.774017,72,5.429999828,0.857699215,1.253917575,0.468009055,0.585214674,0.099331893,0.193513423
2018,Philippines,12.879721,121.774017,71,5.524,0.775,1.312,0.513,0.643,0.105,0.12
2019,Philippines,12.879721,121.774017,69,5.631,0.807,1.293,0.657,0.558,0.107,0.117
2015,Poland,51.919438,19.145136,60,5.791,1.12555,1.27948,0.77903,0.53122,0.04212,0.16759
2016,Poland,51.919438,19.145136,57,5.835,1.24585,1.04685,0.69058,0.4519,0.055,0.14443
2017,Poland,51.919438,19.145136,46,5.97300005,1.291787863,1.44571197,0.699475348,0.520342112,0.059307806,0.158465967
2018,Poland,51.919438,19.145136,42,6.123,1.176,1.448,0.781,0.546,0.064,0.108
2019,Poland,51.919438,19.145136,40,6.182,1.206,1.438,0.884,0.483,0.05,0.117
2015,Portugal,39.399872,-8.224454,88,5.102,1.15991,1.13935,0.87519,0.51469,0.01078,0.13719
2016,Portugal,39.399872,-8.224454,94,5.123,1.27607,0.94367,0.79363,0.44727,0.01521,0.11691
2017,Portugal,39.399872,-8.224454,89,5.195000172,1.315175295,1.367043018,0.795843542,0.4984653,0.015869452,0.095102713
2018,Portugal,39.399872,-8.224454,77,5.41,1.188,1.429,0.884,0.562,0.017,0.055
2019,Portugal,39.399872,-8.224454,66,5.693,1.221,1.431,0.999,0.508,0.025,0.047
2016,Puerto Rico,18.220833,-66.590149,15,7.039,1.35943,1.08113,0.77758,0.46823,0.12275,0.22202
2015,Qatar,25.354826,51.183884,28,6.611,1.69042,1.0786,0.79733,0.6404,0.52208,0.32573
2016,Qatar,25.354826,51.183884,36,6.375,1.82427,0.87964,0.71723,0.56679,0.48049,0.32388
2017,Qatar,25.354826,51.183884,35,6.375,1.870765686,1.27429688,0.710098088,0.604130983,0.439299256,0.33047387
2018,Qatar,25.354826,51.183884,32,6.374,1.649,1.303,0.748,0.654,0.171,0.256
2019,Qatar,25.354826,51.183884,29,6.374,1.684,1.313,0.871,0.555,0.167,0.22
2015,Romania,45.943161,24.96676,86,5.124,1.04345,0.88588,0.7689,0.35068,0.00649,0.13748
2016,Romania,45.943161,24.96676,71,5.528,1.1697,0.72803,0.67602,0.36712,0.00679,0.12889
2017,Romania,45.943161,24.96676,57,5.824999809,1.217683911,1.15009129,0.685158312,0.457003742,0.004387901,0.133519918
2018,Romania,45.943161,24.96676,52,5.945,1.116,1.219,0.726,0.528,0.001,0.088
2019,Romania,45.943161,24.96676,48,6.07,1.162,1.232,0.825,0.462,0.005,0.083
2015,Russia,61.52401,105.318756,64,5.716,1.13764,1.23617,0.66926,0.36679,0.03005,0.00199
2016,Russia,61.52401,105.318756,56,5.856,1.23228,1.05261,0.58991,0.32682,0.03586,0.02736
2017,Russia,61.52401,105.318756,49,5.962999821,1.281778097,1.469282389,0.547349334,0.373783112,0.032962881,0.052263822
2018,Russia,61.52401,105.318756,59,5.81,1.151,1.479,0.599,0.399,0.025,0.065
2019,Russia,61.52401,105.318756,68,5.648,1.183,1.452,0.726,0.334,0.031,0.082
2015,Rwanda,-1.940278,29.873888,154,3.465,0.22208,0.7737,0.42864,0.59201,0.55191,0.22628
2016,Rwanda,-1.940278,29.873888,152,3.515,0.32846,0.61586,0.31865,0.5432,0.50521,0.23552
2017,Rwanda,-1.940278,29.873888,151,3.470999956,0.368745893,0.945707023,0.326424807,0.581843853,0.455220014,0.252756029
2018,Rwanda,-1.940278,29.873888,151,3.408,0.332,0.896,0.4,0.636,0.444,0.2
2019,Rwanda,-1.940278,29.873888,152,3.334,0.359,0.711,0.614,0.555,0.411,0.217
2015,Saudi Arabia,23.885942,45.079162,35,6.411,1.39541,1.08393,0.72025,0.31048,0.32524,0.13706
2016,Saudi Arabia,23.885942,45.079162,34,6.379,1.48953,0.84829,0.59267,0.37904,0.30008,0.15457
2017,Saudi Arabia,23.885942,45.079162,37,6.343999863,1.530623555,1.286677599,0.59014833,0.449750572,0.273432255,0.147616014
2018,Saudi Arabia,23.885942,45.079162,33,6.371,1.379,1.331,0.633,0.509,0.127,0.098
2019,Saudi Arabia,23.885942,45.079162,28,6.375,1.403,1.357,0.795,0.439,0.132,0.08
2015,Senegal,14.497401,-14.452362,142,3.904,0.36498,0.97619,0.4354,0.36772,0.10713,0.20843
2016,Senegal,14.497401,-14.452362,128,4.219,0.44314,0.77416,0.40457,0.31056,0.11681,0.19103
2017,Senegal,14.497401,-14.452362,115,4.534999847,0.479309022,1.179691911,0.409362853,0.377922267,0.115460448,0.183468893
2018,Senegal,14.497401,-14.452362,109,4.631,0.429,1.117,0.433,0.406,0.082,0.138
2019,Senegal,14.497401,-14.452362,111,4.681,0.45,1.134,0.571,0.292,0.072,0.153
2015,Serbia,44.016521,21.005859,87,5.123,0.92053,1.00964,0.74836,0.20107,0.02617,0.19231
2016,Serbia,44.016521,21.005859,86,5.177,1.03437,0.81329,0.6458,0.15718,0.04339,0.20737
2017,Serbia,44.016521,21.005859,73,5.394999981,1.069317579,1.258189797,0.650784671,0.208715528,0.040903781,0.220125884
2018,Serbia,44.016521,21.005859,78,5.398,0.975,1.369,0.685,0.288,0.043,0.134
2019,Serbia,44.016521,21.005859,70,5.603,1.004,1.383,0.854,0.282,0.039,0.137
2015,Sierra Leone,8.460555,-11.779889,123,4.507,0.33024,0.95571,0,0.4084,0.08786,0.21488
2016,Sierra Leone,8.460555,-11.779889,111,4.635,0.36485,0.628,0,0.30685,0.08196,0.23897
2017,Sierra Leone,8.460555,-11.779889,106,4.709000111,0.368420929,0.984136045,0.005564754,0.318697691,0.071095176,0.293040901
2018,Sierra Leone,8.460555,-11.779889,113,4.571,0.256,0.813,0,0.355,0.053,0.238
2019,Sierra Leone,8.460555,-11.779889,129,4.374,0.268,0.841,0.242,0.309,0.045,0.252
2015,Singapore,1.352083,103.819836,24,6.798,1.52186,1.02,1.02525,0.54252,0.4921,0.31105
2016,Singapore,1.352083,103.819836,22,6.739,1.64555,0.86758,0.94719,0.4877,0.46987,0.32706
2017,Singapore,1.352083,103.819836,26,6.572000027,1.69227767,1.353814363,0.949492395,0.549840569,0.464307785,0.345965981
2018,Singapore,1.352083,103.819836,34,6.343,1.529,1.451,1.008,0.631,0.457,0.261
2019,Singapore,1.352083,103.819836,34,6.262,1.572,1.463,1.141,0.556,0.453,0.271
2015,Slovakia,48.669026,19.699024,45,5.995,1.16891,1.26999,0.78902,0.31751,0.03431,0.16893
2016,Slovakia,48.669026,19.699024,45,6.078,1.27973,1.08268,0.70367,0.23391,0.02947,0.13837
2017,Slovakia,48.669026,19.699024,40,6.09800005,1.325393558,1.505059242,0.712732911,0.295817465,0.024210852,0.136544481
2018,Slovakia,48.669026,19.699024,39,6.173,1.21,1.537,0.776,0.354,0.014,0.118
2019,Slovakia,48.669026,19.699024,38,6.198,1.246,1.504,0.881,0.334,0.014,0.121
2015,Slovenia,46.151241,14.995463,55,5.848,1.18498,1.27385,0.87337,0.60855,0.03787,0.25328
2016,Slovenia,46.151241,14.995463,63,5.768,1.29947,1.05613,0.79151,0.53164,0.03635,0.25738
2017,Slovenia,46.151241,14.995463,62,5.757999897,1.341205955,1.452518821,0.790828228,0.572575808,0.045128979,0.242649093
2018,Slovenia,46.151241,14.995463,51,5.948,1.219,1.506,0.856,0.633,0.051,0.16
2019,Slovenia,46.151241,14.995463,44,6.118,1.258,1.523,0.953,0.564,0.057,0.144
2016,Somalia,5.152149,46.199616,76,5.44,0,0.33613,0.11466,0.56778,0.3118,0.27225
2017,Somalia,5.152149,46.199616,93,5.151000023,0.022643184,0.721151352,0.113989137,0.602126956,0.282410324,0.291631311
2018,Somalia,5.152149,46.199616,98,4.982,0,0.712,0.115,0.674,0.282,0.238
2019,Somalia,5.152149,46.199616,112,4.668,0,0.698,0.268,0.559,0.27,0.243
2015,Somaliland region,5.152149,46.199616,91,5.057,0.18847,0.95152,0.43873,0.46582,0.39928,0.50318
2016,Somaliland Region,5.152149,46.199616,97,5.057,0.25558,0.75862,0.33108,0.3913,0.36794,0.51479
2015,South Africa,-30.559482,22.937506,113,4.642,0.92049,1.18468,0.27688,0.33207,0.08884,0.11973
2016,South Africa,-30.559482,22.937506,116,4.459,1.02416,0.96053,0.18611,0.42483,0.08415,0.13656
2017,South Africa,-30.559482,22.937506,101,4.828999996,1.054698706,1.384788632,0.18708007,0.479246736,0.072509497,0.13936238
2018,South Africa,-30.559482,22.937506,105,4.724,0.94,1.41,0.33,0.516,0.056,0.103
2019,South Africa,-30.559482,22.937506,106,4.722,0.96,1.351,0.469,0.389,0.055,0.13
2015,South Korea,35.907757,127.766922,47,5.984,1.24461,0.95774,0.96538,0.33208,0.07857,0.18557
2016,South Korea,35.907757,127.766922,57,5.835,1.35948,0.72194,0.88645,0.25168,0.07716,0.18824
2017,South Korea,35.907757,127.766922,55,5.837999821,1.401678443,1.128274441,0.900214076,0.257921666,0.063282669,0.206674367
2018,South Korea,35.907757,127.766922,57,5.875,1.266,1.204,0.955,0.244,0.051,0.175
2019,South Korea,35.907757,127.766922,54,5.895,1.301,1.219,1.036,0.159,0.056,0.175
2016,South Sudan,4.859363,31.571251,143,3.832,0.39394,0.18519,0.15781,0.19662,0.13015,0.25899
2017,South Sudan,4.859363,31.571251,147,3.59100008,0.397248626,0.601323128,0.163486004,0.147062436,0.116793513,0.285670817
2018,South Sudan,4.859363,31.571251,154,3.254,0.337,0.608,0.177,0.112,0.106,0.224
2019,South Sudan,4.859363,31.571251,156,2.853,0.306,0.575,0.295,0.01,0.091,0.202
2015,Spain,40.463667,-3.74922,36,6.329,1.23011,1.31379,0.95562,0.45951,0.06398,0.18227
2016,Spain,40.463667,-3.74922,37,6.361,1.34253,1.12945,0.87896,0.37545,0.06137,0.17665
2017,Spain,40.463667,-3.74922,34,6.402999878,1.384397864,1.532090902,0.8889606,0.40878123,0.070914097,0.190133572
2018,Spain,40.463667,-3.74922,36,6.31,1.251,1.538,0.965,0.449,0.074,0.142
2019,Spain,40.463667,-3.74922,30,6.354,1.286,1.484,1.062,0.362,0.079,0.153
2015,Sri Lanka,7.873054,80.771797,132,4.271,0.83524,1.01905,0.70806,0.53726,0.09179,0.40828
2016,Sri Lanka,7.873054,80.771797,117,4.415,0.97318,0.84783,0.62007,0.50817,0.07964,0.46978
2017,Sri Lanka,7.873054,80.771797,120,4.440000057,1.009850144,1.259976387,0.625130832,0.561213255,0.073653966,0.490863562
2018,Sri Lanka,7.873054,80.771797,116,4.471,0.918,1.314,0.672,0.585,0.05,0.307
2019,Sri Lanka,7.873054,80.771797,130,4.366,0.949,1.265,0.831,0.47,0.047,0.244
2015,Sudan,12.862807,30.217636,118,4.55,0.52107,1.01404,0.36878,0.10081,0.1466,0.19062
2016,Sudan,12.862807,30.217636,133,4.139,0.63069,0.81928,0.29759,0,0.10039,0.18077
2017,Sudan,12.862807,30.217636,130,4.138999939,0.659516692,1.21400857,0.290920824,0.014995855,0.08984752,0.182317451
2018,Sudan,12.862807,30.217636,137,4.139,0.605,1.24,0.312,0.016,0.082,0.134
2015,Suriname,3.919305,-56.027783,40,6.269,0.99534,0.972,0.6082,0.59657,0.13633,0.16991
2016,Suriname,3.919305,-56.027783,40,6.269,1.09686,0.77866,0.50933,0.52234,0.12692,0.16665
2015,Swaziland,-26.522503,31.465866,101,4.867,0.71206,1.07284,0.07566,0.30658,0.0306,0.18259
2019,Swaziland,-26.522503,31.465866,135,4.212,0.811,1.149,0,0.313,0.135,0.074
2015,Sweden,60.128161,18.643501,8,7.364,1.33171,1.28907,0.91087,0.6598,0.43844,0.36262
2016,Sweden,60.128161,18.643501,10,7.291,1.45181,1.08764,0.83121,0.58218,0.40867,0.38254
2017,Sweden,60.128161,18.643501,9,7.28399992,1.494387269,1.478162169,0.830875158,0.612924099,0.384398729,0.385399252
2018,Sweden,60.128161,18.643501,9,7.314,1.355,1.501,0.913,0.659,0.383,0.285
2019,Sweden,60.128161,18.643501,7,7.343,1.387,1.487,1.009,0.574,0.373,0.267
2015,Switzerland,46.818188,8.227512,1,7.587,1.39651,1.34951,0.94143,0.66557,0.41978,0.29678
2016,Switzerland,46.818188,8.227512,2,7.509,1.52733,1.14524,0.86303,0.58557,0.41203,0.28083
2017,Switzerland,46.818188,8.227512,4,7.493999958,1.564979553,1.516911745,0.858131289,0.620070577,0.367007285,0.290549278
2018,Switzerland,46.818188,8.227512,5,7.487,1.42,1.549,0.927,0.66,0.357,0.256
2019,Switzerland,46.818188,8.227512,6,7.48,1.452,1.526,1.052,0.572,0.343,0.263
2015,Syria,34.802075,38.996815,156,3.006,0.6632,0.47489,0.72193,0.15684,0.18906,0.47179
2016,Syria,34.802075,38.996815,156,3.069,0.74719,0.14866,0.62994,0.06912,0.17233,0.48397
2017,Syria,34.802075,38.996815,152,3.461999893,0.777153134,0.396102607,0.500533342,0.081539445,0.151347131,0.493663728
2018,Syria,34.802075,38.996815,150,3.462,0.689,0.382,0.539,0.088,0.144,0.376
2019,Syria,34.802075,38.996815,149,3.462,0.619,0.378,0.44,0.013,0.141,0.331
2015,Taiwan,23.69781,120.960515,38,6.298,1.29098,1.07617,0.8753,0.3974,0.08129,0.25376
2016,Taiwan,23.69781,120.960515,34,6.379,1.39729,0.92624,0.79565,0.32377,0.0663,0.25495
2018,Taiwan,23.69781,120.960515,26,6.441,1.365,1.436,0.857,0.418,0.078,0.151
2019,Taiwan,23.69781,120.960515,25,6.446,1.368,1.43,0.914,0.351,0.097,0.242
2017,Taiwan Province of China,23.69781,120.960515,33,6.421999931,1.433626533,1.384565353,0.793984234,0.361466587,0.063829236,0.258360475
2015,Tajikistan,38.861034,71.276093,106,4.786,0.39047,0.85563,0.57379,0.47216,0.15072,0.22974
2016,Tajikistan,38.861034,71.276093,100,4.996,0.48835,0.75602,0.53119,0.43408,0.13509,0.25998
2017,Tajikistan,38.861034,71.276093,96,5.040999889,0.524713635,1.271463275,0.529235125,0.471566707,0.146377146,0.248997644
2018,Tajikistan,38.861034,71.276093,88,5.199,0.474,1.166,0.598,0.292,0.034,0.187
2019,Tajikistan,38.861034,71.276093,74,5.467,0.493,1.098,0.718,0.389,0.144,0.23
2015,Tanzania,-6.369028,34.888822,146,3.781,0.2852,1.00268,0.38215,0.32878,0.05747,0.34377
2016,Tanzania,-6.369028,34.888822,149,3.666,0.47155,0.77623,0.357,0.3176,0.05099,0.31472
2017,Tanzania,-6.369028,34.888822,153,3.348999977,0.511135876,1.041989803,0.364509284,0.390017778,0.066035107,0.354256362
2018,Tanzania,-6.369028,34.888822,153,3.303,0.455,0.991,0.381,0.481,0.097,0.27
2019,Tanzania,-6.369028,34.888822,153,3.231,0.476,0.885,0.499,0.417,0.147,0.276
2015,Thailand,13.75398,100.50144,34,6.455,0.9669,1.26504,0.7385,0.55664,0.03187,0.5763
2016,Thailand,15.870032,100.992541,33,6.474,1.0893,1.04477,0.64915,0.49553,0.02833,0.58696
2017,Thailand,15.870032,100.992541,32,6.423999786,1.127868772,1.425792456,0.647239029,0.580200732,0.031612735,0.57212311
2018,Thailand,15.870032,100.992541,46,6.072,1.016,1.417,0.707,0.637,0.029,0.364
2019,Thailand,15.870032,100.992541,52,6.008,1.05,1.409,0.828,0.557,0.028,0.359
2015,Togo,8.619543,0.824782,158,2.839,0.20868,0.13995,0.28443,0.36453,0.10731,0.16681
2016,Togo,8.619543,0.824782,155,3.303,0.28123,0,0.24811,0.34678,0.11587,0.17517
2017,Togo,8.619543,0.824782,150,3.494999886,0.305444717,0.43188253,0.247105569,0.380426139,0.095665015,0.196896151
2018,Togo,8.619543,0.824782,139,3.999,0.259,0.474,0.253,0.434,0.101,0.158
2019,Togo,8.619543,0.824782,139,4.085,0.275,0.572,0.41,0.293,0.085,0.177
2018,Trinidad & Tobago,10.691803,-61.222503,38,6.192,1.223,1.492,0.564,0.575,0.019,0.171
2019,Trinidad & Tobago,10.691803,-61.222503,39,6.192,1.231,1.477,0.713,0.489,0.016,0.185
2015,Trinidad and Tobago,10.691803,-61.222503,41,6.168,1.21183,1.18354,0.61483,0.55884,0.0114,0.31844
2016,Trinidad and Tobago,10.691803,-61.222503,43,6.168,1.32572,0.98569,0.52608,0.48453,0.01241,0.31935
2017,Trinidad and Tobago,10.691803,-61.222503,38,6.168000221,1.361355901,1.380228519,0.519983292,0.518630743,0.008964816,0.325296462
2015,Tunisia,33.886917,9.537499,107,4.739,0.88113,0.60429,0.73793,0.26268,0.06358,0.06431
2016,Tunisia,33.886917,9.537499,98,5.045,0.97724,0.43165,0.59577,0.23553,0.0817,0.03936
2017,Tunisia,33.886917,9.537499,102,4.804999828,1.007265806,0.86835146,0.613212049,0.28968069,0.086723149,0.049693357
2018,Tunisia,33.886917,9.537499,111,4.592,0.9,0.906,0.69,0.271,0.063,0.04
2019,Tunisia,33.886917,9.537499,124,4.461,0.921,1,0.815,0.167,0.055,0.059
2015,Turkey,38.963745,35.243322,76,5.332,1.06098,0.94632,0.73172,0.22815,0.15746,0.12253
2016,Turkey,38.963745,35.243322,78,5.389,1.16492,0.87717,0.64718,0.23889,0.12348,0.04707
2017,Turkey,38.963745,35.243322,69,5.5,1.198274374,1.337753177,0.637605608,0.3007406,0.09967158,0.046693042
2018,Turkey,38.963745,35.243322,74,5.483,1.148,1.38,0.686,0.324,0.109,0.106
2019,Turkey,38.963745,35.243322,79,5.373,1.183,1.36,0.808,0.195,0.106,0.083
2015,Turkmenistan,38.969719,59.556278,70,5.548,0.95847,1.22668,0.53886,0.4761,0.30844,0.16979
2016,Turkmenistan,38.969719,59.556278,65,5.658,1.08017,1.03817,0.44006,0.37408,0.28467,0.22567
2017,Turkmenistan,38.969719,59.556278,59,5.822000027,1.130776763,1.493149161,0.43772608,0.418271929,0.25927034,0.249924988
2018,Turkmenistan,38.969719,59.556278,68,5.636,1.016,1.533,0.517,0.417,0.037,0.199
2019,Turkmenistan,38.969719,59.556278,87,5.247,1.052,1.538,0.657,0.394,0.028,0.244
2015,Uganda,1.373333,32.290275,141,3.931,0.21102,1.13299,0.33861,0.45727,0.07267,0.29066
2016,Uganda,1.373333,32.290275,145,3.739,0.34719,0.90981,0.19625,0.43653,0.06442,0.27102
2017,Uganda,1.373333,32.290275,133,4.080999851,0.381430715,1.129827738,0.217632607,0.443185955,0.057069719,0.325766057
2018,Uganda,1.373333,32.290275,135,4.161,0.322,1.09,0.237,0.45,0.061,0.259
2019,Uganda,1.373333,32.290275,136,4.189,0.332,1.069,0.443,0.356,0.06,0.252
2015,Ukraine,48.379433,31.16558,111,4.681,0.79907,1.20278,0.6739,0.25123,0.02961,0.15275
2016,Ukraine,48.379433,31.16558,123,4.324,0.87287,1.01413,0.58628,0.12859,0.01829,0.20363
2017,Ukraine,48.379433,31.16558,132,4.096000195,0.894651949,1.394537568,0.575903952,0.122974776,0.023029471,0.270061463
2018,Ukraine,48.379433,31.16558,138,4.103,0.793,1.413,0.609,0.163,0.011,0.187
2019,Ukraine,48.379433,31.16558,133,4.332,0.82,1.39,0.739,0.178,0.01,0.187
2015,United Arab Emirates,23.424076,53.847818,20,6.901,1.42727,1.12575,0.80925,0.64157,0.38583,0.26428
2016,United Arab Emirates,23.424076,53.847818,28,6.573,1.57352,0.87114,0.72993,0.56215,0.35561,0.26591
2017,United Arab Emirates,23.424076,53.847818,21,6.647999763,1.626343369,1.266410232,0.726798236,0.60834527,0.324489564,0.360941947
2018,United Arab Emirates,23.424076,53.847818,20,6.774,2.096,0.776,0.67,0.284,N/A,0.186
2019,United Arab Emirates,23.424076,53.847818,21,6.825,1.503,1.31,0.825,0.598,0.182,0.262
2015,United Kingdom,55.378051,-3.435973,21,6.867,1.26637,1.28548,0.90943,0.59625,0.32067,0.51912
2016,United Kingdom,55.378051,-3.435973,23,6.725,1.40283,1.08672,0.80991,0.50036,0.27399,0.50156
2017,United Kingdom,55.378051,-3.435973,19,6.714000225,1.44163394,1.49646008,0.805335939,0.508190036,0.265428066,0.492774159
2018,United Kingdom,55.378051,-3.435973,11,7.19,1.244,1.433,0.888,0.464,0.082,0.262
2019,United Kingdom,55.378051,-3.435973,15,7.054,1.333,1.538,0.996,0.45,0.278,0.348
2015,United States,37.09024,-95.712891,15,7.119,1.39451,1.24711,0.86179,0.54604,0.1589,0.40105
2016,United States,37.09024,-95.712891,13,7.104,1.50796,1.04782,0.779,0.48163,0.14868,0.41077
2017,United States,37.09024,-95.712891,14,6.993000031,1.546259284,1.419920564,0.774286628,0.505740523,0.135638788,0.392578781
2018,United States,37.09024,-95.712891,18,6.886,1.398,1.471,0.819,0.547,0.133,0.291
2019,United States,37.09024,-95.712891,19,6.892,1.433,1.457,0.874,0.454,0.128,0.28
2015,Uruguay,-32.522779,-55.765835,32,6.485,1.06166,1.2089,0.8116,0.60362,0.24558,0.2324
2016,Uruguay,-32.522779,-55.765835,29,6.545,1.18157,1.03143,0.72183,0.54388,0.21394,0.18056
2017,Uruguay,-32.522779,-55.765835,28,6.453999996,1.217559695,1.412227869,0.719216824,0.579392254,0.178061873,0.175096929
2018,Uruguay,-32.522779,-55.765835,31,6.379,1.093,1.459,0.771,0.625,0.155,0.13
2019,Uruguay,-32.522779,-55.765835,33,6.293,1.124,1.465,0.891,0.523,0.15,0.127
2015,Uzbekistan,41.377491,64.585262,44,6.003,0.63244,1.34043,0.59772,0.65821,0.30826,0.22837
2016,Uzbekistan,41.377491,64.585262,49,5.987,0.73591,1.1681,0.50163,0.60848,0.28333,0.34326
2017,Uzbekistan,41.377491,64.585262,47,5.971000195,0.786441088,1.54896915,0.498272628,0.658248663,0.246528223,0.415983647
2018,Uzbekistan,41.377491,64.585262,44,6.096,0.719,1.584,0.605,0.724,0.259,0.328
2019,Uzbekistan,41.377491,64.585262,41,6.174,0.745,1.529,0.756,0.631,0.24,0.322
2015,Venezuela,6.42375,-66.58973,23,6.81,1.04424,1.25596,0.72052,0.42908,0.11069,0.05841
2016,Venezuela,6.42375,-66.58973,44,6.084,1.13367,1.03302,0.61904,0.19847,0.08304,0.0425
2017,Venezuela,6.42375,-66.58973,82,5.25,1.128431201,1.431337595,0.617144227,0.153997123,0.064491123,0.06501963
2018,Venezuela,6.42375,-66.58973,102,4.806,0.996,1.469,0.657,0.133,0.052,0.056
2019,Venezuela,6.42375,-66.58973,108,4.707,0.96,1.427,0.805,0.154,0.047,0.064
2015,Vietnam,14.058324,108.277199,75,5.36,0.63216,0.91226,0.74676,0.59444,0.10441,0.1686
2016,Vietnam,14.058324,108.277199,96,5.061,0.74037,0.79117,0.66157,0.55954,0.11556,0.25075
2017,Vietnam,14.058324,108.277199,94,5.073999882,0.788547575,1.277491331,0.652168989,0.571055591,0.087633237,0.234968051
2018,Vietnam,14.058324,108.277199,95,5.103,0.715,1.365,0.702,0.618,0.079,0.177
2019,Vietnam,14.058324,108.277199,94,5.175,0.741,1.346,0.851,0.543,0.073,0.147
2015,Yemen,15.552727,48.516388,136,4.077,0.54649,0.68093,0.40064,0.35571,0.07854,0.09131
2016,Yemen,15.552727,48.516388,147,3.724,0.57939,0.47493,0.31048,0.2287,0.05892,0.09821
2017,Yemen,15.552727,48.516388,146,3.592999935,0.591683447,0.935382247,0.310080916,0.249463722,0.056767423,0.104125209
2018,Yemen,15.552727,48.516388,152,3.355,0.442,1.073,0.343,0.244,0.064,0.083
2019,Yemen,15.552727,48.516388,151,3.38,0.287,1.163,0.463,0.143,0.077,0.108
2015,Zambia,-13.133897,27.849332,85,5.129,0.47038,0.91612,0.29924,0.48827,0.12468,0.19591
2016,Zambia,-13.133897,27.849332,106,4.795,0.61202,0.6376,0.23573,0.42662,0.11479,0.17866
2017,Zambia,-13.133897,27.849332,116,4.513999939,0.636406779,1.003187299,0.257835895,0.461603492,0.07821355,0.249580145
2018,Zambia,-13.133897,27.849332,125,4.377,0.562,1.047,0.295,0.503,0.082,0.221
2019,Zambia,-13.133897,27.849332,138,4.107,0.578,1.058,0.426,0.431,0.087,0.247
2015,Zimbabwe,-19.015438,29.154857,115,4.61,0.271,1.03276,0.33475,0.25861,0.08079,0.18987
2016,Zimbabwe,-19.015438,29.154857,131,4.193,0.35041,0.71478,0.1595,0.25429,0.08582,0.18503
2017,Zimbabwe,-19.015438,29.154857,138,3.875,0.375846535,1.083095908,0.196763754,0.336384207,0.095375381,0.189143494
2018,Zimbabwe,-19.015438,29.154857,144,3.692,0.357,1.094,0.248,0.406,0.099,0.132
2019,Zimbabwe,-19.015438,29.154857,146,3.663,0.366,1.114,0.433,0.361,0.089,0.151
